Region Code,Region Name,Area Code,Area Name,Cases,Population,Rate,Lower CL,Upper CL,Cases.1,Population.1,Rate.1,Lower CL.1,Upper CL.1,Cases.2,Population.2,Rate.2,Lower CL.2,Upper CL.2
,,E92000001,England,63609,27827831,255.66655657233403,253.6597043584204,257.6851975450133,73480,28459130,251.68113143297313,249.85374810329984,253.51850000281695,138905,56286961,254.33518399701612,252.99590202712955,255.67978419903727
,,E12000001,North East,3532,1312124,294.6553570573124,284.8170751428361,304.74150620623107,5684,1357817,405.04969523965633,394.48665918575614,415.82190030170824,9257,2669941,351.27936681865003,344.11049057420837,358.55921804829387
,,E12000002,North West,9917,3625650,307.66681799053504,301.54192165463655,313.88329249476845,12736,3715546,335.31988621782125,329.4868034673726,341.2298541951864,22847,7341196,321.70363486772584,317.53033346142394,325.9179306326084
,,E12000003,Yorkshire and The Humber,5513,2717432,230.76674712011408,224.5912889723473,237.0663944637278,6994,2785535,246.5419552817694,240.75640793808418,252.43067180128116,12640,5502967,238.16145140757428,234.00990254895424,242.36793030543467
,,E12000004,East Midlands,3916,2391957,182.50440698044258,176.73190408455017,188.414932464652,3991,2443971,155.23433880860296,150.42137745883704,160.16127916680108,7917,4835928,166.6181491030833,162.95675732419465,170.34087148433665
,,E12000005,West Midlands,7084,2941291,273.6603290865897,267.22956268047983,280.20503242742416,8166,2992746,263.64895700311354,257.91447522064027,269.4780056735619,15268,5934037,266.52791897369593,262.3024885180556,270.8041848789576
,,E12000006,East of England,6093,3072499,212.5045067136495,207.15808778938327,217.95314213881528,6457,3163573,193.0264396642018,188.2949026511573,197.84582418427587,12561,6236072,199.94222040956214,196.44935696818078,203.4814448486542
,,E12000007,London,13506,4475817,423.9058658992852,416.42014777437686,431.48737834832934,12475,4486172,318.5021152871792,312.7745467090211,324.30596976452733,26021,8961989,365.92842539223557,361.332200541955,370.5669413791603
,,E12000008,South East,8797,4523939,207.64734864306482,203.30735167638645,212.0562786118362,10758,4656196,222.13005882290136,217.90921373648538,226.41147617773655,19598,9180135,213.45081843613806,210.4634116788058,216.4699234852217
,,E12000009,South West,3357,2767122,122.71006032776393,118.56020346040994,126.96719814973513,3774,2857574,121.39172105874695,117.46489964045176,125.41420771193131,7155,5624696,121.144611255781,118.32691134582791,124.01198296125014
E12000001,North East,E06000001,Hartlepool,75,45833,181.984639131311,142.367550714154,229.036238410081,170,47830,341.240508151117,291.200381758172,397.319233521361,245,93663,265.740461498265,233.230445788361,301.483822008105
,,E06000002,Middlesbrough,255,69719,464.272804591624,406.665266241478,527.490446173682,363,71261,530.639974450623,476.958011737754,588.666888543422,629,140980,499.630194068466,460.82624973152,540.795292768538
,,E06000003,Redcar and Cleveland,148,66579,227.182313726649,191.45091089299,267.556208930504,222,70571,301.088935811071,262.030477334953,344.239256136632,376,137150,269.92830230511,242.966607265789,299.032560559798
,,E06000004,Stockton-on-Tees,194,97593,216.674637960034,186.864806997302,249.838217180091,266,99755,265.776152564004,234.569156204165,299.955506244881,466,197348,246.289661442616,224.291287082818,269.851508512337
,,E06000005,Darlington,126,52065,257.294698165324,213.78051403388,306.971574525322,211,54738,372.802117972771,323.615240569945,427.282139517252,340,106803,315.922169814562,283.042107083879,351.556028258139
,,E06000047,County Durham,656,260881,271.566125662631,250.633190773388,293.745451203722,1111,269213,395.910912347441,372.729906432198,420.144621209153,1769,530094,335.600515834585,319.988537062635,351.771470202582
,,E06000057,Northumberland,362,157462,220.25148584124,197.740334230686,244.587286537898,532,164972,309.657285828844,283.115237965599,337.96051466592,897,322434,266.413834461083,248.896718771063,284.818744304853
,,E08000021,Newcastle upon Tyne,430,153112,355.720104570423,321.359716503773,392.626736223652,577,149708,414.584466834124,380.465981362741,450.873689643475,1011,302820,384.12878017628,360.102436555186,409.300273799385
,,E08000022,North Tyneside,199,100649,218.03097205834,188.069133734368,251.318532575191,336,107264,303.299419731001,271.432701003423,337.851619847424,537,207913,259.025243754887,237.487023010302,281.985712511212
,,E08000023,South Tyneside,218,73266,327.582535116527,284.424772964268,375.30522815349,462,77710,563.15634150705,512.27470293536,617.670472678641,681,150976,446.638254784063,413.448810816495,481.766095145618
,,E08000024,Sunderland,493,135366,406.043139950346,369.206444032691,445.422490258804,836,142339,576.385630431946,537.576017570744,617.234686255266,1332,277705,492.516090470735,466.029362096785,520.098978646358
,,E08000037,Gateshead,376,99599,412.726067841335,371.251950412773,457.496006184074,598,102456,540.449835124103,497.569345562029,586.008565239279,974,202055,475.21754652777,445.67273048984,506.197734327633
E12000002,North West,E06000006,Halton,157,63082,286.652715016431,241.88020593141,337.061976036065,193,66328,298.875842526568,257.999077603793,344.364049512685,351,129410,292.451505704441,262.287444179071,325.100223919518
,,E06000007,Warrington,315,104362,334.519777572838,297.69765172666,374.551514305428,373,105652,339.221319009785,305.533750081381,375.597140860815,688,210014,337.803161430607,312.897617139306,364.155636649996
,,E06000008,Blackburn with Darwen,170,75080,304.050979012873,256.85437778162,356.943036440401,202,74616,297.733289022131,257.745329529513,342.124838175155,372,149696,296.474702452543,266.433607754488,328.916421399214
,,E06000009,Blackpool,202,69128,306.310784374918,264.925048178979,352.254037441264,320,70318,442.737197047344,394.81539698335,494.801833305642,522,139446,374.523475133672,342.803449723947,408.369054898848
,,E06000049,Cheshire East,451,188096,233.246220657214,211.957933734664,256.073441255283,599,196056,272.621847188222,250.615359757578,296.001634827583,1050,384152,252.293760072872,237.034922575856,268.265886628254
,,E06000050,Cheshire West and Chester,424,167268,258.673033264548,234.396826125828,284.761399555574,518,175803,271.332698985226,248.151831210787,296.073117039824,942,343071,262.697317514713,246.073281243848,280.142966693097
,,E08000001,Bolton,412,142817,351.58999113327,317.733109837838,388.0122387703,500,144733,357.001398232348,326.317565884119,389.787754646229,913,287550,354.642010693527,331.864978153638,378.562980493548
,,E08000002,Bury,288,93732,356.176461971448,315.565829384593,400.497082868754,362,97258,366.110189425601,329.206789900777,406.004806609212,651,190990,359.784737381215,332.58161978223,388.613994925537
,,E08000003,Manchester,674,280396,429.89542473532,394.660361839469,467.199354569131,687,272462,324.701522049632,298.971296774583,351.927711395544,1361,552858,368.351302483439,347.432371248208,390.126488244206
,,E08000004,Oldham,401,116994,428.051819605247,386.273862445144,473.040238886175,558,120116,495.215558060927,454.850872460294,538.193262158726,960,237110,461.510331282143,432.584760781734,491.851670875116
,,E08000005,Rochdale,295,109996,325.097084744717,288.452199103537,365.047780953103,379,112416,352.890966893631,318.140658435416,390.391358506556,674,222412,339.69857131501,314.376130412823,366.507848239764
,,E08000006,Salford,377,130722,386.677776690981,347.222208393075,429.264419256275,500,128112,422.192798779453,385.379361009451,461.528774737397,877,258834,405.713637057938,378.749947789509,434.059814038234
,,E08000007,Stockport,443,143850,324.971940412399,295.193528076788,356.923150860464,535,149573,326.11568494516,298.714781203012,355.329471014801,978,293423,324.472013812029,304.364276299661,345.554590183854
,,E08000008,Tameside,267,111630,289.849191814556,254.55097790435,328.502815256617,291,114863,259.774749482043,230.648017416628,291.547936836643,558,226493,268.792970650732,246.714331658934,292.300876121864
,,E08000009,Trafford,320,116078,311.12484721358,277.632596138808,347.512501002692,376,121276,297.446114608821,267.75057569247,329.50146692896,696,237354,302.243689209428,280.084926971759,325.682150780988
,,E08000010,Wigan,418,163978,298.780951341774,269.567799313655,330.191020395512,613,164684,374.564629366447,345.371784304625,405.557612232989,1031,328662,332.858710397734,312.63177072692,354.040073627373
,,E08000011,Knowsley,254,71717,410.210897887618,360.128847346754,465.18027404892,370,79145,468.505796845758,421.486495325091,519.293052313316,627,150862,444.213051154913,409.746282528053,480.780516976761
,,E08000012,Liverpool,743,248708,377.362477903812,349.644180101219,406.628528801275,759,249334,323.969474638526,300.815370060795,348.402362821841,1515,498042,348.711292196414,330.935462599667,367.175946866587
,,E08000013,St. Helens,282,89003,340.805596929651,300.677815895572,384.63996617613,424,91582,451.398715401148,409.069066866785,496.888168083132,708,180585,396.739963220159,367.776138126072,427.361811131698
,,E08000014,Sefton,415,133083,306.807719664699,277.571936715654,338.250376657064,457,143327,298.483083105885,270.806266764821,328.146973033875,873,276410,297.0320732657,277.241854687045,317.839366807064
,,E08000015,Wirral,430,156939,282.054600956807,255.783719457628,310.272260920806,560,167072,313.163479646519,287.248001145614,340.75350011411,1144,324011,347.932642248269,327.86526667779,368.89776040711
,,E10000006,Cumbria,784,246456,304.250940695533,282.861287340862,326.802380264771,1328,253556,499.569633241039,472.148005707535,528.127858124328,2117,500012,401.110265467507,383.818754117248,418.96676564704
,,E10000017,Lancashire,1395,602535,248.045153268393,234.980365102962,261.638007877503,1832,617264,289.269131532416,276.030921752925,302.972946256009,3239,1219799,265.971280034926,256.83608868352,275.346956877134
E12000003,Yorkshire and The Humber,E06000010,"Kingston upon Hull, City of",239,131062,238.795963328873,207.750967170629,272.96918452142,375,128716,310.233289773516,279.195887378026,343.74056640736,615,259778,271.407575437938,249.888281133163,294.251596843526
,,E06000011,East Riding of Yorkshire,360,167258,209.027567403578,187.311029874517,232.509442416533,403,173915,211.759398465973,190.6971737118,234.435980338262,765,341173,207.03518061021,192.189063908358,222.69791898933
,,E06000012,North East Lincolnshire,68,78256,91.6563058011803,70.9055647169282,116.516552399086,77,81307,89.5888606304217,70.3907175891653,112.33812362047,145,159563,89.7310445572879,75.6075591526067,105.709752108284
,,E06000013,North Lincolnshire,172,85242,220.908451067404,188.297645622546,257.430167508053,275,87050,308.225727417622,272.254805334378,347.563395986735,447,172292,259.433706435237,235.761750969093,284.824850176201
,,E06000014,York,193,103212,214.537069973799,184.919266664292,247.496154920032,225,107406,207.451471306065,180.731870701744,236.950523180493,420,210618,206.879992787306,187.351662263279,227.873270273956
,,E08000016,Barnsley,331,121801,297.511583878666,265.431079644455,332.31685562735,463,125065,360.939132506872,328.586363050476,395.599007846216,794,246866,329.834311390602,307.155206998548,353.737229058074
,,E08000017,Doncaster,239,155108,169.020246409614,147.908791631486,192.258980605361,382,156782,240.557672311542,216.851118622004,266.132629932308,622,311890,204.720071497861,188.867216140241,221.543138563373
,,E08000018,Rotherham,333,130564,282.193594793833,251.87667811441,315.07739194857,497,134847,364.643132629814,333.061225580038,398.395865541247,831,265411,319.901241288766,298.420381973482,342.514406637016
,,E08000019,Sheffield,957,291216,397.08456219919,371.795033536173,423.613883385693,1445,293637,505.099795689461,478.92093603416,532.317911478418,2416,584853,451.250650336476,433.149230093304,469.905081825227
,,E08000032,Bradford,529,266280,259.258952127069,236.990615683156,283.009224535808,580,273496,230.916870843567,212.370180491683,250.640405810823,1128,539776,246.922933599252,232.586561494102,261.905307781035
,,E08000033,Calderdale,140,103861,158.562963513891,132.301026274715,188.339960006551,137,107594,122.072121760481,102.378448117135,144.432466394723,278,211455,135.866272192034,120.306734012291,152.873854859764
,,E08000034,Kirklees,324,218162,179.304618268231,159.787435520801,200.498131262895,332,221625,150.993922230704,135.13194348742,168.201020115193,666,439787,163.190669622986,150.987408176077,176.114887633911
,,E08000035,Leeds,768,389345,256.476856017641,237.964203057009,276.005761004128,855,403794,221.175945647473,206.36768991319,236.753433728424,1662,793139,240.296785299611,228.686745805453,252.335952902958
,,E08000036,Wakefield,300,171361,199.559746395033,177.113286257688,224.013390999124,319,176951,172.238843800461,153.76778196453,192.309344643224,647,348312,192.344702187201,177.74447676374,207.820476912164
,,E10000023,North Yorkshire,560,304704,175.776592888937,161.249912929602,191.241921742123,629,313350,183.381973824639,168.663534937761,198.996004816649,1204,618054,178.007714929187,167.840666691535,188.617849484969
E12000004,East Midlands,E06000015,Derby,284,127581,280.709878665429,248.480326012495,315.905445049793,255,129721,198.00031880944,174.121562562435,224.204504877472,540,257302,233.563180252617,214.153714158571,254.250632708398
,,E06000016,Leicester,391,177763,321.76152079263,288.954453788206,357.123052503222,387,176461,258.704828275664,232.837732454951,286.596839489984,780,354224,285.755146717089,265.383048307433,307.236679969845
,,E06000017,Rutland,12,20340,56.4824398983072,28.5071423312313,99.66491577016,16,19587,68.9926516741037,38.3940352077712,113.524448495111,28,39927,61.1874916698054,40.2906211129255,88.9126309942549
,,E06000018,Nottingham,291,169010,290.191594156878,256.319864050158,327.140910142217,282,163890,219.703917741859,194.271516321762,247.485500623964,573,332900,250.989261424785,230.391610080146,272.902131408261
,,E10000007,Derbyshire,720,394300,188.867153960478,175.006361324258,203.514557745495,777,408394,167.798969154492,156.065416381261,180.172783077617,1501,802694,176.794578779503,167.911338900641,186.023685774438
,,E10000018,Leicestershire,502,349101,155.282177379845,141.713966952776,169.778189216448,578,357054,147.772117340013,135.854770120458,160.447009088332,1080,706155,150.04009653315,141.192134909278,159.29573429052
,,E10000019,Lincolnshire,473,373152,125.886045523532,114.600045979998,137.967981543479,523,388072,129.232042184539,118.176723521863,141.027441945768,996,761224,125.92776066389,118.119615322238,134.110924888309
,,E10000021,Northamptonshire,646,372700,202.621957061977,186.982822553478,219.199691607392,531,380578,139.622999742991,127.955968047732,152.06494481448,1180,753278,167.89314590176,158.414798654281,177.788845516334
,,E10000024,Nottinghamshire,597,408010,156.07493961138,143.571399233271,169.360105228473,642,420214,137.68970262072,127.138122145515,148.876581950333,1239,828224,144.721001636283,136.738316464489,153.046512245896
E12000005,West Midlands,E06000019,"Herefordshire, County of",162,95486,162.555334693807,138.111290301718,190.0258331149,246,97315,226.435603279405,197.974626610047,257.721155850811,408,192801,194.42316159024,175.626792372655,214.650998712127
,,E06000020,Telford and Wrekin,141,89255,183.674867302685,153.875215675208,217.447924490282,181,90599,212.099044626374,182.237717905794,245.445804382483,322,179854,198.94592689677,177.573064729003,222.160458798297
,,E06000021,Stoke-on-Trent,289,129105,277.27643350313,244.89826535534,312.607140456959,346,127270,283.486726868705,254.203202135579,315.200517472477,639,256375,276.961583739275,255.684773354126,299.522549001915
,,E06000051,Shropshire,298,160155,175.769997207894,156.08708425743,197.219155299245,362,162981,199.97811031073,179.180124621126,222.461883837307,660,323136,184.888494503753,170.780085616955,199.83431598633
,,E08000025,Birmingham,1550,565492,385.084660256144,365.548751817501,405.368821911241,1641,576324,325.309810618388,309.434287884148,341.775940344326,3192,1141816,351.652323159425,339.302698809926,364.329473028917
,,E08000026,Coventry,365,188744,276.885832718213,248.252931170519,307.829611853299,403,182777,246.501594825462,222.483817899156,272.360263186309,768,371521,258.870716306839,240.466468322534,278.285265426165
,,E08000027,Dudley,382,157717,261.123250937024,235.026089338259,289.277229395953,501,163879,285.332933764745,260.564001370387,311.797330839632,883,321596,272.169400101193,254.391300580914,290.85583347634
,,E08000028,Sandwell,499,163272,405.778978106367,369.550428276893,444.492566635913,625,165178,404.575803538999,373.249711738821,437.814326455916,1125,328450,396.316752321285,373.269863291026,420.403560266035
,,E08000029,Solihull,315,105293,311.763518705094,278.075072878776,348.388427323432,321,111081,239.413597308706,213.229974193399,267.857100881069,636,216374,271.786133758446,250.863430406933,293.974692302571
,,E08000030,Walsall,488,140435,410.782458259389,374.453387518025,449.632438457008,580,145043,391.929854277299,360.369896859401,425.492388178869,1068,285478,400.09742901981,376.310029905649,424.987144904858
,,E08000031,Wolverhampton,419,131013,384.119691376207,347.787613657279,423.180656322523,528,132344,400.051358601585,366.307215577064,436.043343380581,948,263357,389.85497305718,365.280298116964,415.640253896438
,,E10000028,Staffordshire,949,436978,223.344453515928,209.055725300054,238.336696956634,1044,442582,213.512346883227,200.576306864378,227.054874089111,2001,879560,216.598704881501,207.151345938375,226.363734176713
,,E10000031,Warwickshire,618,285507,228.710608333269,210.812897257733,247.707335381007,713,292426,215.545884669062,199.779762242794,232.211264331867,1333,577933,220.777688066754,209.033428059211,233.007800710811
,,E10000034,Worcestershire,609,292839,205.35766533693,189.164983134978,222.552231191831,675,302947,197.982176226784,183.000060438771,213.843311430514,1285,595786,200.698732677244,189.767093358868,212.091168775243
E12000006,East of England,E06000031,Peterborough,164,101608,203.901844000124,172.954264293906,238.656131778019,177,100651,192.31538995285,164.703244477215,223.188921403333,341,202259,196.24584254154,175.701999379806,218.507651002899
,,E06000032,Luton,318,108305,391.614785705328,348.050000355171,438.958118369966,348,104747,366.128014391449,327.971225321216,407.441951781725,666,213052,374.424738655171,345.745456047142,404.798364790744
,,E06000033,Southend-on-Sea,204,89829,243.555902744185,211.086827299627,279.581973554231,141,93296,140.685714760832,118.076056421799,166.310084254201,345,183125,186.403144382299,167.157254850978,207.248683881587
,,E06000034,Thurrock,157,86040,270.63488888092,227.756069391127,318.912049309212,144,88301,186.347651834231,156.731166189583,219.868898478164,302,174341,220.358479227652,195.673724198519,247.242898585645
,,E06000055,Bedford,243,85221,318.813128633813,279.590056053799,361.954079900375,287,88071,323.504380659609,286.904403851072,363.454057011655,530,173292,317.644422428814,291.09563701321,345.958275967202
,,E06000056,Central Bedfordshire,268,142503,215.562295570022,190.017959631072,243.530083697076,296,146145,204.584081859122,181.831971721087,229.385069342959,565,288648,206.93669237597,190.123091415776,224.831727248858
,,E10000003,Cambridgeshire,475,326524,159.006076934811,144.883002803958,174.122991217614,492,327013,143.833050289112,131.27919625822,157.254347615389,967,653537,149.916292875913,140.593900935012,159.693273104583
,,E10000012,Essex,1503,728350,219.215906938878,208.145747850325,230.716787421314,1448,760839,176.729983272457,167.628850083648,186.192033354995,2952,1489189,193.595811906636,186.64167305441,200.741844383738
,,E10000015,Hertfordshire,1334,582425,263.9543264901,249.804009490581,278.689808775324,1326,607094,210.796861659475,199.477201272954,222.586071674,2660,1189519,233.006647374276,224.186500537229,242.083397737331
,,E10000020,Norfolk,805,445696,176.100110950167,163.973067165819,188.876938978862,1119,462064,229.139681153278,215.508970116345,243.387122829773,1930,907760,202.370861326686,193.273517310817,211.779786902563
,,E10000029,Suffolk,622,375998,158.665728797838,146.325586651058,171.761100845968,679,385352,152.009994508552,140.394221762877,164.305204962605,1303,761350,153.757851064855,145.391178497229,162.474700090904
E12000007,London,E09000001,City of London,11,5320,219.445039426211,107.388005850293,395.834297476631,5,4401,,,,16,9721,176.435985469015,99.414660316696,288.529223617273
,,E09000002,Barking and Dagenham,246,105877,394.290397963681,342.613108588759,451.096338682769,233,107029,277.286716599408,240.899368401905,317.390069804924,479,212906,328.288223311491,297.673062870114,361.048416142952
,,E09000003,Barnet,690,196542,444.883494128882,411.616473174342,480.080329250064,560,199327,290.407959031805,266.494325401292,315.86678439354,1254,395869,360.326719562824,340.342096034642,381.164336716826
,,E09000004,Bexley,332,120082,336.727829028943,300.924374643894,375.567469037107,339,128205,251.223723714975,224.759952316915,279.907322521188,671,248287,286.00298618387,264.599185758672,308.666431069729
,,E09000005,Brent,810,168277,685.604629798153,637.058082332451,736.744095973841,610,161494,445.747337868807,410.342698348753,483.340698695191,1420,329771,554.004771964582,524.749512760842,584.43181693721
,,E09000006,Bromley,582,160090,405.89626449168,373.187341447104,440.676977830455,620,172246,345.165320607124,318.226463139873,373.755610276299,1205,332336,370.211143236833,349.474247825804,391.851381523931
,,E09000007,Camden,324,135978,331.574010279385,294.37521966207,371.967803919384,278,134051,225.498996727938,198.458389511317,255.056131220596,602,270029,272.121464813741,249.709340135477,295.928596305252
,,E09000008,Croydon,707,187875,473.662006309219,438.313840294169,511.03513925804,747,198835,409.615088703434,380.380303891251,440.477796360233,1459,386710,439.259616872842,416.582549885194,462.832501649364
,,E09000009,Ealing,632,172025,487.37658874675,448.82496408446,528.268256957069,510,169781,341.842462456927,312.277794865957,373.412275508312,1142,341806,408.424001570376,384.50299384202,433.41610915749
,,E09000010,Enfield,428,163882,354.918433529865,321.080791518201,391.269667670168,428,169912,280.668747705825,254.380618597224,308.909661656267,856,333794,313.861414033945,292.839646896411,335.974525652848
,,E09000011,Greenwich,347,145258,362.979438210701,322.63650299801,406.665426961475,321,142684,286.402134456633,254.684671817416,320.85709731307,670,287942,321.623487424732,296.373850652347,348.360245604857
,,E09000012,Hackney,341,140023,465.634290621644,412.486224489105,523.226828639944,282,141097,318.656667507164,279.241389567205,361.712720013668,624,281120,387.390667901917,354.719743055336,422.057775218005
,,E09000013,Hammersmith and Fulham,306,90740,508.56698224726,448.825921722377,573.595018721567,333,94403,425.986226433818,379.085965671896,476.857450500154,640,185143,462.631884256127,425.237121533835,502.281773954466
,,E09000014,Haringey,308,135883,365.841671841628,321.982468708991,413.569115994942,264,132764,251.976878087275,220.907662098118,286.017088008915,573,268647,300.807602126138,274.932442017091,328.334964823184
,,E09000015,Harrow,515,125778,489.4709912767,447.528522471836,534.243749736262,491,125382,403.855744380409,368.645230158966,441.501795375388,1006,251160,440.848070493902,413.780508142284,469.209019666644
,,E09000016,Havering,361,124959,328.159044659653,294.859288061623,364.161823203706,317,134593,223.311826681565,198.966635531007,249.772056140029,680,259552,266.88523173233,247.046140763318,287.883883703348
,,E09000017,Hillingdon,375,154498,324.690292715422,291.842146379949,360.152407493804,384,152372,278.813741317403,251.181900246303,308.617434377683,760,306870,299.929752427765,278.555853770732,322.483315096725
,,E09000018,Hounslow,410,138238,417.975927620972,375.964172691279,463.179022916267,296,133285,263.777953946077,233.939519244235,296.303405039976,707,271523,335.997442731602,310.814562103035,362.622958334448
,,E09000019,Islington,227,121510,309.767211087869,266.471434060264,357.545761378484,211,120957,241.438972741404,207.184623219096,279.379533283277,440,242467,274.041383288649,246.609394482915,303.48204312574
,,E09000020,Kensington and Chelsea,283,77877,426.263499236027,377.213493202716,479.835828981759,199,78252,264.452630112619,228.732925421935,304.137172118304,482,156129,338.689343386272,308.804894921052,370.66085499489
,,E09000021,Kingston upon Thames,248,87914,344.276781162141,301.139104147035,391.677396169324,240,89593,281.848093436599,246.684999888636,320.546583461907,490,177507,309.964882765232,282.530191074155,339.299259758118
,,E09000022,Lambeth,598,163843,626.368443385076,570.985835909348,685.210151883038,571,162191,470.221841974043,428.596605653298,514.50977983412,1172,326034,540.825724327742,506.932684662854,576.216356135561
,,E09000023,Lewisham,509,151121,553.528781513607,501.712430119436,608.863017102352,444,154721,379.884858884263,343.399205660246,419.029590157299,956,305842,454.816113786759,424.431895964134,486.690685569446
,,E09000024,Merton,319,101615,409.442359449135,363.326346338163,459.551632442209,357,104933,364.621984265528,326.922511051466,405.399461182833,676,206548,382.426749823296,353.166902764824,413.401997966064
,,E09000025,Newham,524,187059,521.75857608369,472.065307467886,574.775192594221,459,166075,388.699579114085,350.583521226539,429.546002967711,983,353134,447.656771403053,416.859333408679,479.943391024661
,,E09000026,Redbridge,413,154796,367.648809561325,331.804490898563,406.20566029047,325,150426,245.08123080829,218.64844856875,273.780667664571,738,305222,301.090567035035,279.263661290949,324.140505483944
,,E09000027,Richmond upon Thames,203,96318,251.659974377838,217.33250617565,289.757816266026,193,101701,194.50300928285,167.59666084893,224.444751226348,397,198019,220.248909913026,198.86449840295,243.285225727512
,,E09000028,Southwark,629,159205,632.039102235043,577.191444958557,690.224146663749,607,159625,483.161725761424,441.422707109231,527.487640583207,1238,318830,552.313420517438,518.493909762893,587.585948630623
,,E09000029,Sutton,287,100776,334.048062279024,295.634978206739,375.976784922743,423,105573,403.377154347197,365.415630949001,444.175894516652,712,206349,370.287467602556,343.278615367386,398.837947109421
,,E09000030,Tower Hamlets,336,169215,392.39335132943,343.681422770865,445.210345699042,281,155530,288.951165914414,251.005053164275,330.408886713584,617,324745,339.123169030948,308.46738358904,371.662960643783
,,E09000031,Waltham Forest,407,139484,447.599817727204,402.350335270648,496.29975234675,342,137499,311.168921942056,277.934138555133,347.178693634898,750,276983,374.581332285717,347.067462989647,403.624136345407
,,E09000032,Wandsworth,468,157854,441.802536285102,397.928880945798,488.787463290431,494,171823,336.148771078632,303.941754047014,370.576543649926,965,329677,382.873572043131,356.431293368187,410.606627939233
,,E09000033,Westminster,330,135905,334.084818825878,297.206243277811,374.100646343432,311,125412,282.560363447984,251.030454942463,316.857031533071,641,261317,305.063991542251,280.933290408143,330.648745054365
E12000008,South East,E06000035,Medway,293,138052,264.948712808385,234.141565149977,298.54496478996,413,140504,310.823924102519,281.445738939938,342.425314288341,706,278556,287.068116987886,266.046542651698,309.294819403484
,,E06000036,Bracknell Forest,95,60841,196.133277714163,157.300452060206,241.371713460097,139,61708,230.706768505344,193.639700239517,272.754194830154,234,122549,211.345705269934,184.702658445839,240.703498406601
,,E06000037,West Berkshire,154,78432,210.540410841762,178.187704187649,247.008377938894,192,80018,242.648561289927,209.208567170591,279.871431179867,346,158450,224.702299827476,201.496850279564,249.8335903581
,,E06000038,Reading,216,81866,345.062836353962,298.592031992286,396.472990115435,329,79914,441.918183679484,394.444623605496,493.436721999816,545,161780,389.839994434311,356.80229837041,425.042650613257
,,E06000039,Slough,211,75632,442.367152469399,379.189910198118,512.343083079352,225,73907,381.058824318502,330.863859316811,436.47521688915,436,149539,399.876037887605,361.095519989849,441.509719558727
,,E06000040,Windsor and Maidenhead,137,75218,194.465612740807,163.098044562247,230.080584711648,137,76204,162.502322460043,135.950136292472,192.64987361031,275,151422,177.932597631836,157.363270697432,200.427138187755
,,E06000041,Wokingham,184,84318,244.891258827339,210.267934754314,283.52073083514,235,86801,265.788857504539,232.534754966492,302.423720229024,419,171119,253.136129183342,229.341702283514,278.717745578698
,,E06000042,Milton Keynes,234,133422,223.229425252026,194.100712038943,255.326157374781,266,136035,214.603523561391,189.306987630115,242.309466117555,500,269457,215.736312706509,196.85270496911,235.913867016932
,,E06000043,Brighton and Hove,194,146153,175.634584491577,150.786760322781,203.277907471106,209,144732,152.389138324734,131.866240197361,175.131713820348,403,290885,161.06393520101,145.269076253683,178.069423285043
,,E06000044,Portsmouth,156,109599,192.214098277673,162.273985849879,225.936465588962,152,105306,147.779050094026,124.835956416902,173.660932429718,310,214905,167.608229035791,149.072738918976,187.77295911252
,,E06000045,Southampton,263,129141,275.072747022095,241.330970187097,312.047523460498,283,123379,245.168107989373,216.579087750467,276.392985276971,547,252520,258.11480696705,236.239806169895,281.420560683806
,,E06000046,Isle of Wight,63,69471,74.2640020237875,56.8253766656444,95.3048599353298,94,72300,88.8408265312911,70.9127904251771,109.743196166069,157,141771,82.0396171900502,69.4102733762401,96.2589652191748
,,E10000002,Buckinghamshire,440,266808,179.694226843301,163.130854099041,197.470430609351,458,277165,159.137211534206,144.70626874133,174.603057000147,898,543973,166.798969066466,156.016255201743,178.127854568077
,,E10000011,East Sussex,323,270057,107.413394674371,95.8372085333648,119.985468009332,328,287172,91.3872551536436,81.1305145765197,102.519312061669,652,557229,98.548882986247,90.8681758598146,106.688361517685
,,E10000014,Hampshire,1352,676349,201.69628804196,191.015090981946,212.816173675066,1720,706193,230.400565952738,219.426595130679,241.773119879372,3077,1382542,214.881317440673,207.28120024635,222.686785572672
,,E10000016,Kent,1824,776703,247.518323116121,236.206855867166,259.228517618358,2400,804852,294.247745357998,282.488087907365,306.367884383551,4253,1581555,271.123347191712,263.004413170376,279.428458822091
,,E10000025,Oxfordshire,755,344030,237.348878457937,220.572890367667,255.053916504066,1051,347637,298.89758639166,280.974949007405,317.657625896114,1808,691667,265.726487893822,253.575052931037,278.308186635545
,,E10000030,Surrey,1297,587530,233.958924183089,221.337631482218,247.109713487711,1474,608706,228.369921453785,216.6578498356,240.542247052922,2773,1196236,229.235159664375,220.724057888741,237.988696573586
,,E10000032,West Sussex,606,420317,138.992665958948,128.071899480027,150.590855448974,653,443663,126.97811215861,117.082306209575,137.464530748239,1259,863980,131.205974258687,123.945393944253,138.77582395437
E12000009,South West,E06000022,Bath and North East Somerset,102,95814,120.674378968264,98.1815358735384,146.737215672433,123,97468,122.566017506711,101.370581939886,146.802378785926,225,193282,120.426951390501,104.992936644086,137.466457645755
,,E06000023,"Bristol, City of",329,232171,194.799865710039,173.350792517287,218.076504274624,350,231206,164.925513307627,147.365736406991,183.93387037658,679,463377,177.254638495353,163.6459596178,191.65932550711
,,E06000024,North Somerset,148,104601,135.98411720668,114.720539395479,160.01041883847,174,110451,139.587682233349,118.910007464033,162.729970890318,323,215052,136.995007418681,122.188220685416,153.075606538137
,,E06000025,South Gloucestershire,185,141234,146.754821669831,126.046515980029,169.852334289697,207,143859,136.743019191166,118.591141272994,156.868142196509,392,285093,138.99235772532,125.526246892871,153.50558939714
,,E06000026,Plymouth,133,130306,114.819504100917,95.9330509529982,136.304256468777,206,131794,152.749761314641,132.404699406028,175.312155973851,339,262100,134.203940354114,120.211596015111,149.369986997328
,,E06000027,Torbay,104,66421,140.368584098549,114.079281450772,170.786826632364,106,69843,142.366765814328,115.275953615478,173.668800337211,211,136264,140.312271211535,121.302877909602,161.36732108094
,,E06000030,Swindon,176,111047,187.606283660698,160.157961137025,218.306416469408,247,111146,224.268844600547,197.056276817694,254.176329782546,423,222193,204.151716486455,185.004336898118,224.730157360818
,,E06000052,Cornwall & Isles of Scilly,295,277820,101.56033009036872,90.0749358418735,114.08184539671048,258,293982,78.24882516037583,68.69423233152948,88.72818493246828,553,571802,88.10335882524424,80.77475106572803,95.90860116433092
,,E06000054,Wiltshire,249,246656,103.97170097661,91.3112714294957,117.880608367068,249,253368,86.8232226984176,76.0702217926109,98.6366049546663,499,500024,94.1589559184946,86.0026668429801,102.874712433281
,,E06000058,"Bournemouth, Christchurch and Poole",230,196612,116.379434010443,101.768555577214,132.492658183523,228,198719,105.586002825171,92.002410143565,120.572760747408,458,395331,109.165234737438,99.279618123627,119.759789859659
,,E06000059,Dorset,170,185388,79.0011962386756,67.1853604614271,92.2429095862593,177,193120,72.4897342700716,61.3634249435568,84.9302185208547,348,378508,74.6826278945284,66.6249245083735,83.4070373984904
,,E10000008,Devon,337,391924,82.165799386557,73.4815152738791,91.58079230823,447,410451,97.9237378797217,88.6719940353919,107.847394509692,784,802375,90.1092576844983,83.7542737664668,96.8094146910013
,,E10000013,Gloucestershire,624,312572,205.542308002174,189.529601094716,222.533385891418,706,324498,201.725946375838,186.861859278325,217.442164167728,1330,637070,201.518610757446,190.759963213454,212.722849812931
,,E10000027,Somerset,275,274556,97.2284325401175,85.8870283530939,109.631350596681,296,287669,97.5676619452151,86.3246133571483,109.823171681284,591,562225,100.461112111034,92.3198175610828,109.114002407165
