Number of confirmed COVID-19 cases (cumulative total) by date of test results,UTLA Code,"England Upper Tier Local Authorities/ Scotland NHS Health Boards/
Wales Health Boards",LTLA Code,LTLA Name,Population (ONS estimates mid-2018),2020-05-07 00:00:00,2020-05-08 00:00:00,2020-05-09 00:00:00,2020-05-10 00:00:00,2020-05-11 00:00:00,2020-05-12 00:00:00,2020-05-13 00:00:00,2020-05-14 00:00:00,2020-05-15 00:00:00,2020-05-16 00:00:00,2020-05-17 00:00:00,2020-05-18 00:00:00,2020-05-19 00:00:00,2020-05-20 00:00:00,2020-05-21 00:00:00,2020-05-22 00:00:00,2020-05-23 00:00:00,2020-05-24 00:00:00,2020-05-25 00:00:00,2020-05-26 00:00:00,2020-05-27 00:00:00,2020-05-28 00:00:00,2020-05-29 00:00:00,2020-05-30 00:00:00,2020-05-31 00:00:00,2020-06-01 00:00:00,2020-06-02 00:00:00,2020-06-03 00:00:00,2020-06-04 00:00:00,2020-06-05 00:00:00,2020-06-06 00:00:00,2020-06-07 00:00:00,2020-06-08 00:00:00,2020-06-09 00:00:00,2020-06-10 00:00:00,2020-06-11 00:00:00,2020-06-12 00:00:00,2020-06-13 00:00:00,2020-06-14 00:00:00,2020-06-15 00:00:00,2020-06-16 00:00:00,2020-06-17 00:00:00,2020-06-18 00:00:00,2020-06-19 00:00:00,2020-06-20 00:00:00,2020-06-21 00:00:00,2020-06-22 00:00:00
London,E09000002,Barking and Dagenham,E09000002,Barking and Dagenham,211998,466,469,473,476,477,477,479,479,481,486,487,488,489,490,492,494,495,496,496,496,496,496,498,498,497,497,497,497,499,499,500,501,501,501,501,501,501,502,503,503,503.0,503,503,504.0,505.0,506.0,506.0
London,E09000003,Barnet,E09000003,Barnet,392140,1235,1241,1245,1250,1252,1253,1254,1256,1265,1268,1271,1271,1273,1276,1278,1280,1283,1284,1284,1285,1287,1288,1289,1291,1296,1298,1299,1299,1299,1301,1302,1302,1302,1305,1305,1306,1306,1310,1311,1312,1313.0,1312,1313,1312.0,1315.0,1316.0,1316.0
London,E09000004,Bexley,E09000004,Bexley,247258,653,661,664,666,666,671,671,674,680,685,688,693,694,695,701,702,704,706,712,713,714,714,716,717,717,720,724,727,727,728,729,728,728,730,732,732,732,734,734,736,736.0,737,737,737.0,737.0,737.0,739.0
London,E09000005,Brent,E09000005,Brent,330795,1392,1394,1405,1408,1410,1419,1420,1423,1424,1437,1444,1443,1442,1445,1450,1455,1460,1462,1463,1467,1470,1470,1471,1471,1472,1471,1476,1478,1477,1480,1480,1482,1482,1485,1484,1484,1487,1489,1493,1491,1495.0,1493,1496,1496.0,1497.0,1498.0,1500.0
London,E09000006,Bromley,E09000006,Bromley,331096,1132,1144,1157,1165,1184,1199,1206,1213,1221,1237,1244,1251,1253,1261,1263,1269,1269,1272,1273,1273,1274,1275,1275,1278,1278,1279,1280,1281,1282,1284,1286,1286,1286,1286,1287,1287,1288,1288,1288,1288,1288.0,1290,1290,1291.0,1291.0,1291.0,1291.0
London,E09000007,Camden,E09000007,Camden,262226,589,593,595,597,598,600,602,604,604,612,617,617,619,619,620,620,625,626,628,627,628,628,629,629,629,629,630,628,629,631,631,630,632,633,634,633,632,635,635,635,637.0,637,637,638.0,639.0,640.0,641.0
London,E09000001,City of London,E09000001,City of London,8706,16,16,16,16,16,16,16,16,17,17,17,17,17,17,17,17,17,17,17,17,17,17,17,17,17,17,18,18,18,18,18,18,18,18,18,18,18,18,18,18,18.0,18,18,18.0,18.0,18.0,18.0
London,E09000008,Croydon,E09000008,Croydon,385346,1440,1446,1452,1454,1455,1457,1459,1470,1471,1476,1478,1485,1490,1492,1491,1491,1496,1495,1499,1499,1502,1501,1502,1508,1509,1511,1511,1511,1512,1513,1514,1514,1515,1517,1518,1519,1518,1519,1521,1522,1522.0,1522,1521,1521.0,1521.0,1521.0,1521.0
London,E09000009,Ealing,E09000009,Ealing,341982,1108,1114,1123,1136,1137,1142,1142,1148,1162,1171,1181,1182,1182,1184,1186,1190,1191,1192,1193,1194,1192,1192,1197,1197,1202,1202,1203,1204,1207,1208,1210,1211,1211,1213,1212,1217,1217,1219,1221,1221,1223.0,1222,1223,1222.0,1224.0,1225.0,1228.0
London,E09000010,Enfield,E09000010,Enfield,333869,850,852,853,855,856,856,856,858,860,867,869,871,872,875,879,880,880,880,881,881,883,883,884,886,886,888,887,888,886,889,890,890,890,890,891,890,891,891,891,892,892.0,893,894,894.0,894.0,894.0,894.0
London,E09000011,Greenwich,E09000011,Greenwich,286186,660,658,661,663,664,670,670,673,677,682,683,684,684,686,687,688,692,693,694,695,694,696,699,700,699,700,700,701,702,702,702,704,704,706,706,706,707,707,708,707,708.0,707,710,711.0,712.0,712.0,712.0
London,E09000012,Hackney,E09000012,Hackney,279665,620,622,622,623,624,624,624,626,626,637,639,639,640,640,641,644,645,645,645,646,646,646,647,647,647,649,649,651,653,656,656,656,656,657,657,657,659,659,659,659,659.0,659,659,659.0,659.0,660.0,660.0
London,E09000013,Hammersmith and Fulham,E09000013,Hammersmith and Fulham,185426,636,637,638,639,639,641,640,641,644,647,648,649,649,650,652,655,655,661,662,663,662,663,662,661,663,664,664,663,666,669,668,669,667,669,671,671,670,671,674,673,673.0,674,673,675.0,676.0,680.0,682.0
London,E09000014,Haringey,E09000014,Haringey,270624,562,564,564,566,568,570,573,573,574,581,584,588,590,592,592,592,593,594,594,594,595,595,595,595,595,596,597,597,597,597,597,598,598,599,599,599,599,599,599,599,599.0,600,600,601.0,601.0,602.0,603.0
London,E09000015,Harrow,E09000015,Harrow,250149,966,979,983,995,995,1005,1006,1006,1009,1011,1014,1014,1016,1019,1019,1023,1025,1025,1026,1026,1025,1026,1027,1030,1031,1030,1032,1032,1034,1035,1035,1037,1037,1040,1041,1045,1045,1046,1045,1045,1045.0,1045,1045,1046.0,1046.0,1046.0,1046.0
London,E09000016,Havering,E09000016,Havering,257810,670,671,675,677,679,678,680,681,681,683,686,690,690,693,694,698,703,705,705,706,706,707,709,710,711,711,711,712,713,713,717,716,717,719,719,719,720,723,722,723,723.0,723,723,724.0,724.0,724.0,724.0
London,E09000017,Hillingdon,E09000017,Hillingdon,304824,744,750,750,756,756,760,760,760,763,766,769,771,772,773,773,774,775,775,776,776,780,780,781,782,782,782,784,785,785,786,786,787,787,788,788,793,794,796,799,800,800.0,800,800,803.0,803.0,803.0,804.0
London,E09000018,Hounslow,E09000018,Hounslow,270782,690,694,695,703,704,706,707,707,710,715,716,717,719,720,724,725,725,726,727,728,728,729,730,731,731,731,731,730,732,734,738,740,741,745,747,753,757,759,759,760,761.0,761,762,762.0,765.0,766.0,769.0
London,E09000019,Islington,E09000019,Islington,239142,428,429,430,431,433,439,440,442,444,452,454,454,454,454,454,454,458,458,458,460,461,461,461,461,462,462,462,462,462,462,462,462,462,463,463,463,464,464,466,466,466.0,467,467,467.0,470.0,470.0,470.0
London,E09000020,Kensington and Chelsea,E09000020,Kensington and Chelsea,156197,475,476,476,481,481,482,482,482,482,485,486,487,488,488,488,488,486,490,493,495,495,495,495,496,497,498,498,500,499,499,499,499,498,501,501,502,502,502,504,504,504.0,504,505,506.0,511.0,513.0,513.0
London,E09000021,Kingston upon Thames,E09000021,Kingston upon Thames,175470,475,479,483,484,486,485,490,498,498,501,505,507,509,514,513,513,515,516,519,518,520,520,520,520,523,523,524,525,524,525,526,527,526,527,528,529,530,531,531,531,531.0,531,531,531.0,531.0,532.0,532.0
London,E09000022,Lambeth,E09000022,Lambeth,325917,1162,1165,1167,1168,1171,1173,1173,1173,1177,1185,1186,1186,1193,1193,1195,1195,1198,1200,1201,1201,1207,1208,1209,1210,1210,1210,1211,1212,1213,1213,1214,1214,1214,1216,1217,1218,1216,1217,1217,1217,1218.0,1219,1219,1219.0,1219.0,1219.0,1220.0
London,E09000023,Lewisham,E09000023,Lewisham,303536,946,949,950,952,953,956,957,962,964,966,968,970,970,972,977,978,979,979,982,982,983,983,984,983,983,983,986,986,989,990,990,990,991,993,994,995,997,997,997,997,997.0,997,998,998.0,999.0,999.0,999.0
London,E09000024,Merton,E09000024,Merton,206186,665,670,671,674,675,675,676,675,677,680,682,682,685,685,687,688,692,692,692,694,693,694,696,695,696,696,697,697,697,697,697,698,697,700,700,700,701,701,701,701,701.0,701,703,703.0,704.0,704.0,704.0
London,E09000025,Newham,E09000025,Newham,352005,968,976,980,981,983,982,983,985,983,988,992,994,995,995,997,997,997,998,999,998,999,1000,1001,1001,1003,1005,1003,1003,1004,1003,1004,1003,1003,1005,1005,1006,1006,1007,1008,1009,1009.0,1010,1011,1011.0,1012.0,1012.0,1013.0
London,E09000026,Redbridge,E09000026,Redbridge,303858,705,710,730,732,733,736,738,739,739,745,746,746,746,748,749,754,755,756,756,756,756,756,756,756,757,758,758,758,758,760,761,761,762,763,763,764,765,767,768,768,768.0,768,768,769.0,769.0,770.0,770.0
London,E09000027,Richmond upon Thames,E09000027,Richmond upon Thames,196904,389,389,390,393,397,395,397,400,402,403,403,404,406,406,406,406,406,407,406,407,408,408,408,409,410,410,410,411,411,411,412,413,413,414,415,415,416,416,417,417,417.0,417,417,417.0,417.0,417.0,416.0
London,E09000028,Southwark,E09000028,Southwark,317256,1226,1229,1232,1231,1234,1236,1238,1245,1249,1252,1252,1254,1255,1258,1259,1261,1262,1263,1264,1264,1264,1267,1268,1271,1272,1272,1272,1274,1274,1274,1274,1274,1274,1277,1278,1278,1278,1278,1279,1279,1279.0,1279,1280,1280.0,1283.0,1283.0,1284.0
London,E09000029,Sutton,E09000029,Sutton,204525,698,706,708,707,708,711,712,723,724,724,723,724,725,726,726,726,729,732,731,735,739,739,739,739,741,741,750,752,752,754,757,757,756,758,757,758,759,760,761,761,763.0,766,767,767.0,766.0,768.0,767.0
London,E09000030,Tower Hamlets,E09000030,Tower Hamlets,317705,610,610,611,612,615,616,617,619,620,624,624,625,626,625,625,629,631,631,631,632,631,633,633,632,632,633,634,635,635,636,636,636,635,637,637,639,641,643,644,644,645.0,646,646,647.0,647.0,647.0,648.0
London,E09000031,Waltham Forest,E09000031,Waltham Forest,276700,739,742,744,745,747,750,750,752,752,754,754,754,755,755,758,758,760,761,763,763,763,764,765,765,767,769,769,769,769,769,770,770,771,771,771,772,772,772,772,772,773.0,774,776,776.0,776.0,776.0,776.0
London,E09000032,Wandsworth,E09000032,Wandsworth,326474,950,952,954,956,956,961,965,968,970,980,983,985,986,988,989,991,992,993,995,995,996,996,996,996,997,997,997,998,999,1001,1001,1001,1001,1002,1002,1002,1002,1004,1004,1004,1004.0,1004,1003,1003.0,1005.0,1005.0,1007.0
London,E09000033,Westminster,E09000033,Westminster,255324,634,636,637,637,639,639,641,642,643,642,647,645,645,645,646,648,649,650,653,654,653,653,654,656,656,657,657,658,659,662,662,665,664,666,668,669,671,673,673,676,675.0,675,676,679.0,680.0,680.0,682.0
South East,E06000036,Bracknell Forest,E06000036,Bracknell Forest,121676,226,228,228,230,231,234,234,235,235,235,235,236,237,240,240,242,249,253,253,253,253,255,255,256,256,256,257,258,258,258,258,258,258,259,260,260,260,261,263,263,263.0,263,263,264.0,264.0,264.0,264.0
South East,E06000043,Brighton and Hove,E06000043,Brighton and Hove,290395,396,399,399,399,400,399,403,404,405,405,407,408,409,409,410,413,417,420,421,421,429,434,434,440,440,441,444,449,457,458,464,468,468,471,472,473,475,477,478,479,482.0,482,484,484.0,485.0,486.0,487.0
South East,E10000002,Buckinghamshire,E07000004,Aylesbury Vale,199448,348,350,350,352,355,355,357,360,366,370,377,380,382,385,388,390,395,398,400,401,405,407,407,408,413,413,416,418,420,420,422,424,424,426,426,426,425,432,433,433,434.0,435,436,436.0,437.0,438.0,439.0
South East,E10000002,Buckinghamshire,E07000005,Chiltern,95927,170,173,173,175,175,175,178,178,178,178,180,183,186,195,198,198,199,199,199,199,200,200,200,200,200,200,200,200,200,201,201,201,201,202,202,203,204,204,204,204,204.0,204,204,204.0,206.0,206.0,206.0
South East,E10000002,Buckinghamshire,E07000006,South Bucks,70043,137,138,139,139,140,140,141,142,142,144,145,145,146,145,145,145,146,146,146,146,146,146,146,146,146,146,146,146,147,148,148,148,148,148,148,148,148,148,148,149,149.0,149,149,149.0,149.0,149.0,149.0
South East,E10000002,Buckinghamshire,E07000007,Wycombe,174641,213,216,218,220,220,221,222,226,227,231,231,232,233,234,235,235,237,240,242,243,243,244,244,244,246,246,246,246,247,247,249,249,249,251,252,253,254,256,258,258,258.0,258,258,258.0,262.0,263.0,263.0
South East,E10000011,East Sussex,E07000061,Eastbourne,103160,139,144,144,146,146,147,147,146,147,147,147,147,147,147,147,148,148,148,149,149,150,150,150,150,151,151,152,152,152,152,152,152,152,152,152,152,152,153,154,155,155.0,157,158,160.0,161.0,162.0,162.0
South East,E10000011,East Sussex,E07000062,Hastings,92855,44,44,44,44,44,44,45,45,46,48,48,49,49,49,49,50,50,53,53,53,53,53,53,55,55,55,55,55,55,55,55,55,55,55,55,55,55,55,55,55,55.0,55,58,58.0,58.0,58.0,58.0
South East,E10000011,East Sussex,E07000063,Lewes,102744,179,179,179,179,179,179,180,181,182,183,185,184,185,185,186,188,188,188,188,188,194,199,199,201,202,203,203,203,207,207,207,207,208,208,208,208,209,209,209,209,211.0,211,215,215.0,216.0,216.0,216.0
South East,E10000011,East Sussex,E07000064,Rother,95656,83,85,85,85,86,86,86,85,85,86,86,87,87,88,88,88,88,94,95,95,95,95,95,95,95,95,95,96,97,97,99,99,99,99,99,100,100,100,103,103,103.0,103,106,106.0,106.0,107.0,108.0
South East,E10000011,East Sussex,E07000065,Wealden,160175,194,194,194,194,193,194,194,195,195,197,197,198,198,198,199,200,201,204,204,204,208,211,211,213,213,213,216,217,218,218,219,219,220,221,221,221,221,221,222,224,224.0,227,230,231.0,231.0,231.0,231.0
South East,E10000014,Hampshire,E07000084,Basingstoke and Deane,175729,631,632,636,638,639,640,655,655,658,659,661,662,667,669,676,697,700,705,706,709,721,721,720,722,722,723,723,727,727,727,729,730,730,730,730,731,733,733,733,733,733.0,733,733,733.0,733.0,733.0,734.0
South East,E10000014,Hampshire,E07000085,East Hampshire,120681,252,253,258,259,260,260,262,262,262,263,264,264,265,266,266,269,269,269,269,270,270,271,271,273,273,274,274,274,274,274,274,274,274,274,275,275,276,276,278,278,278.0,278,278,278.0,278.0,278.0,278.0
South East,E10000014,Hampshire,E07000086,Eastleigh,131819,241,242,243,243,244,243,249,250,256,256,257,259,260,262,262,262,265,265,266,266,266,267,267,268,268,268,267,267,267,268,268,268,268,268,268,270,270,270,270,270,270.0,270,270,270.0,270.0,270.0,270.0
South East,E10000014,Hampshire,E07000087,Fareham,116339,163,164,166,168,169,169,168,170,170,171,171,171,171,171,173,173,173,176,177,178,178,178,178,179,180,181,181,181,182,181,181,181,181,181,181,181,181,181,181,181,181.0,181,181,181.0,181.0,181.0,181.0
South East,E10000014,Hampshire,E07000088,Gosport,85283,117,117,117,118,118,119,120,121,122,122,122,122,122,122,123,123,123,123,123,123,123,123,123,124,124,124,124,124,124,124,124,124,124,124,124,125,125,125,125,125,125.0,125,125,125.0,125.0,125.0,125.0
South East,E10000014,Hampshire,E07000089,Hart,96293,162,162,162,162,162,163,166,166,166,167,169,172,175,175,175,177,177,177,177,178,178,178,179,182,183,183,183,184,184,184,184,184,184,184,184,186,186,186,186,186,186.0,186,186,186.0,186.0,186.0,186.0
South East,E10000014,Hampshire,E07000090,Havant,125813,206,206,208,210,212,214,214,225,226,226,236,236,236,236,236,236,236,239,239,239,239,239,241,243,243,242,242,242,242,242,242,242,242,242,242,243,243,244,244,244,244.0,244,245,245.0,245.0,245.0,245.0
South East,E10000014,Hampshire,E07000091,New Forest,179753,238,239,243,244,246,248,250,252,257,259,265,266,266,268,268,269,274,274,275,274,276,277,277,279,279,280,280,281,281,281,281,281,281,282,283,284,285,285,285,285,285.0,285,286,286.0,286.0,286.0,286.0
South East,E10000014,Hampshire,E07000092,Rushmoor,95142,350,350,351,352,354,356,357,357,361,363,365,365,367,370,371,374,380,383,382,383,384,387,388,389,389,389,390,391,391,392,394,395,395,396,396,396,396,396,397,398,398.0,398,399,400.0,401.0,401.0,400.0
South East,E10000014,Hampshire,E07000093,Test Valley,125169,279,280,283,284,284,286,289,289,291,293,293,294,295,295,295,298,299,299,301,302,303,303,303,304,305,305,305,307,307,307,307,308,308,308,308,308,308,308,308,308,308.0,308,308,308.0,308.0,309.0,309.0
South East,E10000014,Hampshire,E07000094,Winchester,124295,330,334,338,343,344,345,351,351,352,354,354,357,359,359,361,363,366,366,367,367,367,367,368,368,368,367,367,367,368,368,368,368,368,369,369,369,369,369,369,369,369.0,369,369,369.0,369.0,369.0,369.0
South East,E06000046,Isle of Wight,E06000046,Isle of Wight,141538,149,152,155,155,154,156,157,161,166,169,177,178,178,178,181,185,189,194,195,196,196,196,198,199,199,199,200,200,200,200,200,200,200,201,201,201,201,201,202,202,202.0,202,202,202.0,202.0,202.0,202.0
South East,E10000016,Kent,E07000105,Ashford,129281,573,582,595,606,614,626,637,642,651,660,667,678,684,693,704,723,732,735,747,762,773,775,795,796,805,809,812,824,831,834,838,843,842,847,853,858,861,866,867,871,879.0,882,883,892.0,897.0,898.0,899.0
South East,E10000016,Kent,E07000106,Canterbury,164553,400,405,413,420,430,435,438,443,449,451,456,462,463,468,480,482,484,486,488,489,490,493,494,495,496,496,496,502,504,507,510,510,510,512,515,520,521,521,521,523,524.0,526,526,528.0,531.0,535.0,536.0
South East,E10000016,Kent,E07000107,Dartford,109709,422,424,431,434,435,436,439,444,448,450,453,453,453,454,457,460,462,464,464,464,467,471,472,475,476,479,479,482,486,487,490,490,491,492,494,495,497,499,500,501,501.0,501,502,504.0,505.0,508.0,510.0
South East,E10000016,Kent,E07000108,Dover,116969,289,292,300,304,308,312,318,319,322,328,329,329,329,338,341,353,356,358,365,372,375,379,383,387,391,393,393,396,398,401,403,405,405,407,410,411,414,417,418,421,422.0,423,425,428.0,430.0,433.0,435.0
South East,E10000016,Kent,E07000109,Gravesham,106385,250,252,254,255,256,257,256,259,265,267,269,270,274,275,279,280,282,285,286,286,287,290,291,292,294,297,297,300,302,302,306,307,310,314,316,319,325,329,330,331,331.0,331,335,336.0,335.0,338.0,336.0
South East,E10000016,Kent,E07000110,Maidstone,169955,369,397,401,400,403,404,403,406,405,414,416,419,421,420,423,427,427,429,428,429,429,432,434,435,434,437,438,441,441,441,449,450,449,451,451,454,454,456,458,460,460.0,459,460,460.0,462.0,462.0,464.0
South East,E10000016,Kent,E07000111,Sevenoaks,120293,204,207,210,209,209,210,211,218,219,220,223,223,227,229,229,231,231,231,231,231,231,231,232,233,235,235,236,239,244,244,245,245,246,249,249,251,252,253,253,254,254.0,254,254,254.0,255.0,256.0,256.0
South East,E10000016,Kent,E07000112,Folkestone and Hythe,112578,297,306,314,315,326,328,328,338,355,371,372,373,375,382,391,414,423,425,430,435,437,440,443,447,452,453,459,460,462,464,466,468,469,471,474,473,473,475,475,477,478.0,481,481,486.0,489.0,489.0,492.0
South East,E10000016,Kent,E07000113,Swale,148519,284,288,288,290,293,296,294,298,303,306,309,310,312,320,324,324,325,326,327,327,328,328,329,329,331,333,334,336,336,336,342,351,351,357,359,365,366,366,366,369,369.0,369,369,369.0,369.0,370.0,370.0
South East,E10000016,Kent,E07000114,Thanet,141819,532,540,547,550,557,564,568,575,575,576,578,582,590,601,603,612,624,624,630,637,642,645,649,649,651,651,651,655,655,655,658,661,661,662,663,663,665,665,665,665,665.0,666,667,668.0,669.0,672.0,674.0
South East,E10000016,Kent,E07000115,Tonbridge and Malling,130508,188,196,196,197,198,199,200,203,203,204,204,204,206,206,208,210,210,213,213,213,216,216,216,218,218,219,223,224,224,224,233,233,233,235,235,235,235,235,235,235,235.0,237,237,238.0,238.0,238.0,238.0
South East,E10000016,Kent,E07000116,Tunbridge Wells,118054,160,161,161,161,162,162,162,163,163,164,165,172,173,176,179,180,180,188,190,190,194,197,198,206,206,206,217,224,227,227,238,238,244,259,259,258,260,262,262,265,265.0,265,268,270.0,271.0,271.0,271.0
South East,E06000035,Medway,E06000035,Medway,277855,667,675,693,695,701,704,706,715,725,733,733,735,735,736,741,747,750,754,758,760,764,764,763,764,764,766,766,770,770,770,771,773,775,776,777,781,781,781,781,782,783.0,783,784,785.0,785.0,787.0,790.0
South East,E10000025,Oxfordshire,E07000177,Cherwell,149161,328,335,342,343,349,357,357,362,367,367,375,380,386,389,395,396,403,405,405,405,406,407,410,411,412,413,413,413,416,416,417,417,417,417,417,417,417,417,419,420,421.0,421,423,423.0,423.0,424.0,422.0
South East,E10000025,Oxfordshire,E07000178,Oxford,154327,490,506,513,522,525,537,550,558,562,577,590,599,601,602,607,615,618,623,627,628,630,631,637,638,642,643,643,644,648,651,653,654,654,655,656,657,658,658,658,661,661.0,661,661,661.0,664.0,665.0,665.0
South East,E10000025,Oxfordshire,E07000179,South Oxfordshire,140504,301,311,317,321,323,326,331,345,349,355,357,357,357,358,359,358,360,361,362,362,362,362,363,365,365,364,365,365,365,365,366,366,366,366,366,367,367,368,368,368,368.0,368,368,368.0,369.0,369.0,369.0
South East,E10000025,Oxfordshire,E07000180,Vale of White Horse,133732,264,266,268,284,284,290,294,298,302,303,306,308,308,309,310,311,312,312,313,313,313,313,313,313,314,315,314,315,315,315,315,316,316,316,316,316,316,316,317,317,317.0,317,317,317.0,317.0,318.0,317.0
South East,E10000025,Oxfordshire,E07000181,West Oxfordshire,109800,269,270,271,271,274,275,276,285,299,300,319,321,322,323,323,324,327,331,333,334,336,336,338,338,339,339,339,340,340,340,342,342,342,342,342,343,343,350,350,350,350.0,350,350,350.0,350.0,350.0,350.0
South East,E06000044,Portsmouth,E06000044,Portsmouth,215133,299,307,308,308,308,310,310,310,311,311,312,312,312,313,313,314,315,315,316,316,317,317,318,319,319,320,320,320,320,320,320,321,321,322,323,324,324,324,324,324,324.0,324,324,324.0,324.0,324.0,324.0
South East,E06000038,Reading,E06000038,Reading,163203,517,529,536,536,541,543,545,547,551,552,558,564,568,566,569,572,575,578,579,580,583,584,584,585,586,586,585,587,587,588,591,591,592,591,591,593,592,592,591,592,593.0,593,594,595.0,595.0,595.0,595.0
South East,E06000039,Slough,E06000039,Slough,149112,424,428,432,432,433,434,436,438,440,441,444,446,446,446,446,449,449,449,449,450,451,451,452,453,453,454,454,454,453,453,455,457,457,458,458,458,458,458,459,459,460.0,460,462,462.0,465.0,465.0,465.0
South East,E06000045,Southampton,E06000045,Southampton,252796,519,522,532,536,539,541,548,554,560,561,564,564,565,567,569,573,574,577,579,579,582,583,584,588,589,589,589,593,593,597,597,597,597,601,603,604,605,604,605,605,605.0,607,610,611.0,611.0,612.0,612.0
South East,E10000030,Surrey,E07000207,Elmbridge,136626,237,240,241,241,241,241,243,243,243,247,250,251,251,251,253,253,256,256,256,256,257,257,257,258,258,258,258,258,258,258,258,258,257,259,259,260,260,260,262,263,263.0,263,264,264.0,264.0,265.0,265.0
South East,E10000030,Surrey,E07000208,Epsom and Ewell,79928,199,199,201,201,201,201,201,201,201,202,202,202,202,202,202,202,202,202,202,202,203,203,203,203,203,203,206,206,206,206,206,206,206,207,207,207,207,207,207,208,208.0,208,208,208.0,209.0,209.0,209.0
South East,E10000030,Surrey,E07000209,Guildford,147889,343,348,352,355,356,356,355,357,357,358,361,362,363,366,369,371,371,373,374,375,375,376,378,378,378,378,379,379,379,380,381,381,381,381,381,381,381,381,383,386,386.0,386,386,386.0,386.0,386.0,386.0
South East,E10000030,Surrey,E07000210,Mole Valley,87253,217,219,219,220,219,220,219,220,220,220,220,221,221,220,220,221,223,223,223,223,224,226,225,227,227,228,229,228,229,230,230,229,230,229,229,230,230,230,230,230,230.0,230,231,231.0,232.0,231.0,231.0
South East,E10000030,Surrey,E07000211,Reigate and Banstead,147757,484,489,492,492,493,493,495,495,495,495,495,495,498,499,501,508,512,511,512,512,513,513,513,513,513,513,514,515,515,515,515,516,516,516,517,518,519,520,522,523,523.0,524,526,526.0,527.0,527.0,529.0
South East,E10000030,Surrey,E07000212,Runnymede,88000,171,174,175,177,177,179,181,181,181,181,181,182,185,185,187,187,188,189,189,190,190,190,190,190,190,190,190,190,190,191,191,192,192,192,192,192,192,192,192,194,194.0,195,196,196.0,198.0,198.0,198.0
South East,E10000030,Surrey,E07000213,Spelthorne,99334,172,173,175,176,177,177,179,180,180,181,181,181,182,182,183,184,187,188,189,189,189,189,188,188,188,188,188,189,190,191,191,192,192,192,192,192,192,192,192,192,192.0,192,193,193.0,193.0,193.0,193.0
South East,E10000030,Surrey,E07000214,Surrey Heath,88874,239,242,242,245,245,246,248,251,251,251,253,256,259,259,261,262,267,273,276,276,277,278,280,280,280,280,280,280,280,280,283,283,284,284,284,284,284,284,284,284,285.0,285,285,285.0,288.0,288.0,288.0
South East,E10000030,Surrey,E07000215,Tandridge,87496,185,186,186,187,187,187,187,188,190,190,190,191,192,192,192,192,194,194,194,194,194,194,194,196,196,196,196,197,198,198,198,199,199,199,199,200,201,201,202,202,202.0,204,210,210.0,210.0,210.0,210.0
South East,E10000030,Surrey,E07000216,Waverley,125610,275,278,282,285,287,287,288,289,292,295,295,295,296,296,296,297,300,302,303,303,303,303,303,303,303,303,303,304,304,304,304,304,304,304,304,305,305,305,305,305,305.0,306,306,307.0,307.0,307.0,307.0
South East,E10000030,Surrey,E07000217,Woking,101167,171,172,175,176,176,176,178,181,182,183,183,183,183,183,183,184,184,185,185,188,188,188,188,188,188,188,188,188,188,188,188,188,188,188,188,188,188,188,188,188,188.0,189,189,189.0,191.0,192.0,194.0
South East,E06000037,West Berkshire,E06000037,West Berkshire,158527,339,343,343,343,344,345,346,352,352,353,356,359,361,361,365,368,371,372,374,374,377,377,377,379,379,379,379,379,380,380,382,382,382,382,382,382,382,382,383,384,384.0,384,384,384.0,384.0,384.0,384.0
South East,E10000032,West Sussex,E07000223,Adur,63869,87,87,87,87,87,87,92,92,92,93,93,93,93,93,93,93,97,97,98,98,98,98,98,98,99,99,99,99,99,99,99,99,99,99,99,99,99,99,99,100,100.0,100,100,100.0,100.0,100.0,100.0
South East,E10000032,West Sussex,E07000224,Arun,159827,145,145,145,145,146,146,151,151,151,153,153,153,153,153,153,154,161,161,161,161,162,162,162,162,163,163,164,164,164,164,164,164,164,164,164,164,164,164,164,164,164.0,164,164,164.0,164.0,164.0,164.0
South East,E10000032,West Sussex,E07000225,Chichester,120750,132,132,133,134,134,134,138,138,138,138,138,139,139,139,139,139,142,142,142,142,142,142,142,142,142,142,142,142,142,142,142,142,142,142,142,143,143,143,143,143,143.0,143,143,143.0,143.0,143.0,143.0
South East,E10000032,West Sussex,E07000226,Crawley,112448,191,193,194,194,194,194,194,197,199,199,199,199,199,199,200,202,203,204,205,206,206,207,207,207,208,209,210,210,210,211,211,211,211,212,212,212,214,218,219,219,219.0,219,222,222.0,222.0,223.0,223.0
South East,E10000032,West Sussex,E07000227,Horsham,142217,197,198,198,198,198,198,199,200,201,201,202,203,203,203,203,203,206,206,207,208,208,208,208,208,210,211,211,211,211,212,213,214,214,217,218,218,221,221,221,223,223.0,224,226,226.0,226.0,226.0,226.0
South East,E10000032,West Sussex,E07000228,Mid Sussex,149716,275,277,277,277,277,277,280,280,281,281,282,282,282,282,283,283,283,282,285,285,285,286,286,286,287,288,288,288,289,289,289,290,290,290,290,290,290,290,291,291,292.0,292,293,293.0,294.0,294.0,294.0
South East,E10000032,West Sussex,E07000229,Worthing,110025,192,192,193,193,194,194,206,206,207,207,207,207,207,207,207,207,215,217,216,216,216,217,217,217,216,217,217,217,217,217,217,217,217,217,217,217,217,217,217,217,217.0,217,218,218.0,218.0,218.0,218.0
South East,E06000040,Windsor and Maidenhead,E06000040,Windsor and Maidenhead,150906,268,270,272,273,274,275,275,276,277,278,278,280,279,279,280,280,281,283,283,288,289,292,292,292,292,292,292,292,293,298,298,298,298,301,301,302,302,305,306,306,306.0,306,306,306.0,307.0,307.0,307.0
South East,E06000041,Wokingham,E06000041,Wokingham,167979,400,406,407,412,417,418,419,421,424,425,429,431,432,435,438,440,442,442,442,442,443,443,444,445,446,446,447,448,449,450,450,452,452,452,453,453,453,458,458,458,458.0,458,458,458.0,458.0,458.0,458.0
South West,E06000022,Bath and North East Somerset,E06000022,Bath and North East Somerset,192106,220,220,221,222,223,224,225,225,226,227,227,228,230,230,230,230,230,232,232,232,232,231,232,232,232,233,234,235,235,236,236,236,236,237,237,237,237,237,237,237,237.0,237,237,237.0,237.0,237.0,237.0
South West,E06000058,"Bournemouth, Christchurch and Poole",E06000058,"Bournemouth, Christchurch and Poole",395784,441,444,444,444,444,455,458,459,461,462,463,464,465,465,469,472,473,475,476,477,479,479,480,481,481,481,483,483,483,482,482,482,483,484,485,486,486,486,487,487,488.0,488,488,489.0,489.0,491.0,491.0
South West,E06000023,"Bristol, City of",E06000023,"Bristol, City of",463405,651,657,667,670,672,672,679,681,682,686,687,687,687,688,691,692,693,694,694,696,698,698,701,702,704,707,706,708,708,709,711,711,712,714,714,714,715,717,719,719,720.0,720,721,722.0,722.0,722.0,722.0
South West,E06000052,Cornwall and Isles of Scilly,E06000052,Cornwall and Isles of Scilly,568210,531,532,537,542,547,552,553,555,556,557,558,561,561,564,568,569,573,573,573,573,575,575,575,576,576,576,576,576,578,579,580,580,582,587,587,588,588,591,591,591,591.0,592,593,593.0,593.0,593.0,594.0
South West,E10000008,Devon,E07000040,East Devon,144317,130,132,132,134,134,134,134,134,134,135,136,136,136,140,140,140,140,140,140,140,140,140,139,140,140,140,141,141,141,141,141,141,141,141,141,141,141,141,141,141,142.0,142,142,142.0,142.0,142.0,142.0
South West,E10000008,Devon,E07000041,Exeter,130428,162,161,161,163,163,163,163,164,164,165,165,165,165,166,167,168,168,168,168,168,169,169,168,168,168,169,169,169,169,169,169,169,169,169,170,170,170,172,172,172,172.0,172,172,173.0,174.0,174.0,174.0
South West,E10000008,Devon,E07000042,Mid Devon,81695,85,85,85,85,86,87,88,89,91,92,91,91,92,92,93,93,93,94,94,94,93,95,95,95,96,96,97,100,101,102,102,102,102,102,102,102,102,102,102,102,102.0,102,102,102.0,102.0,102.0,102.0
South West,E10000008,Devon,E07000043,North Devon,96110,81,82,83,83,84,84,90,90,90,90,90,90,90,91,92,92,92,92,93,93,93,93,93,93,93,93,93,93,93,92,92,92,92,92,92,92,92,92,92,92,92.0,92,92,92.0,92.0,92.0,92.0
South West,E10000008,Devon,E07000044,South Hams,86221,77,78,78,78,78,78,78,78,78,79,79,79,79,79,79,79,79,79,79,79,79,79,80,80,80,80,80,80,80,81,81,81,82,82,82,82,82,82,82,82,82.0,82,82,82.0,82.0,82.0,82.0
South West,E10000008,Devon,E07000045,Teignbridge,132844,135,143,143,143,143,143,143,144,145,145,146,146,146,146,147,147,147,147,147,147,147,147,147,147,148,148,148,148,148,148,148,148,148,148,148,148,148,148,148,148,148.0,148,148,148.0,148.0,148.0,148.0
South West,E10000008,Devon,E07000046,Torridge,68143,33,33,33,36,35,35,35,35,35,35,35,35,35,35,36,36,36,36,36,36,36,36,36,36,36,36,36,36,36,36,36,36,36,36,36,36,36,36,36,36,36.0,36,36,36.0,36.0,36.0,36.0
South West,E10000008,Devon,E07000047,West Devon,55528,52,53,53,53,53,53,53,53,53,53,53,53,53,53,53,53,53,53,53,53,53,53,53,53,53,53,53,53,53,53,53,53,53,53,53,53,53,53,53,53,53.0,53,53,53.0,53.0,53.0,53.0
South West,E06000059,Dorset,E06000059,Dorset,376484,343,343,343,344,347,348,348,349,350,352,352,352,352,352,354,358,358,358,358,360,360,360,362,362,363,365,365,365,365,365,365,365,365,365,365,365,365,367,367,367,367.0,367,368,368.0,368.0,372.0,372.0
South West,E10000013,Gloucestershire,E07000078,Cheltenham,117090,310,314,315,315,315,317,317,317,317,318,318,317,318,318,318,318,318,319,319,320,320,320,320,321,321,321,321,322,322,322,322,322,322,322,322,322,322,322,323,323,323.0,323,324,324.0,324.0,324.0,324.0
South West,E10000013,Gloucestershire,E07000079,Cotswold,89022,140,147,149,150,151,151,150,151,152,152,153,154,155,154,154,154,154,154,154,155,155,155,155,155,155,155,155,156,156,156,156,156,156,156,156,156,156,156,156,156,156.0,156,156,156.0,156.0,156.0,156.0
South West,E10000013,Gloucestershire,E07000080,Forest of Dean,86543,107,107,107,107,107,107,107,107,108,108,108,108,108,109,109,112,114,114,114,114,114,114,114,115,115,115,115,115,115,115,116,116,116,117,117,117,117,117,117,117,117.0,117,117,117.0,117.0,117.0,117.0
South West,E10000013,Gloucestershire,E07000081,Gloucester,129285,371,379,383,383,383,383,384,387,388,392,394,395,397,398,398,398,398,399,400,400,401,402,402,402,403,403,403,403,403,403,403,403,403,403,403,403,403,403,403,404,404.0,404,404,404.0,404.0,404.0,404.0
South West,E10000013,Gloucestershire,E07000082,Stroud,119019,189,192,194,195,195,195,195,195,195,195,195,195,195,195,195,196,196,196,197,197,197,196,197,198,198,198,198,198,198,198,198,198,198,198,198,198,198,199,199,199,199.0,199,199,199.0,199.0,199.0,199.0
South West,E10000013,Gloucestershire,E07000083,Tewkesbury,92599,175,176,177,177,177,177,177,177,177,177,177,177,180,180,180,180,180,181,181,182,182,182,182,182,182,182,182,182,182,182,182,182,182,182,182,182,182,182,182,182,182.0,182,182,182.0,182.0,182.0,182.0
South West,E06000024,North Somerset,E06000024,North Somerset,213919,276,287,294,299,304,312,323,325,335,338,345,351,360,365,378,392,404,406,414,419,427,427,441,444,450,450,451,461,462,471,471,471,474,480,479,481,482,483,482,482,482.0,485,486,485.0,486.0,487.0,487.0
South West,E06000026,Plymouth,E06000026,Plymouth,263100,317,329,334,334,335,337,339,341,341,343,347,347,348,353,353,354,355,355,356,356,358,358,358,358,358,358,358,359,360,362,362,362,362,365,365,365,367,367,367,367,368.0,368,368,368.0,369.0,369.0,370.0
South West,E10000027,Somerset,E07000187,Mendip,114881,49,49,51,51,52,57,58,58,58,60,61,61,62,62,62,63,63,63,63,63,63,63,63,63,63,63,63,63,64,65,65,65,65,65,65,65,65,65,65,65,65.0,65,65,65.0,65.0,66.0,66.0
South West,E10000027,Somerset,E07000188,Sedgemoor,122791,152,153,153,154,154,155,155,156,159,162,163,163,165,166,173,177,180,183,185,185,188,189,192,192,194,195,195,211,215,218,220,220,220,221,221,221,221,221,221,221,221.0,221,221,222.0,222.0,222.0,222.0
South West,E10000027,Somerset,E07000189,South Somerset,167861,143,143,146,146,149,155,158,162,165,169,169,169,169,170,172,173,175,176,177,177,178,178,179,181,183,184,184,189,189,194,196,196,197,197,197,197,197,197,197,197,197.0,197,197,197.0,198.0,198.0,198.0
South West,E10000027,Somerset,E07000246,Somerset West and Taunton,153866,212,212,213,213,216,218,220,221,224,227,227,228,227,228,233,242,244,247,247,247,248,249,253,253,255,256,261,282,289,304,305,305,305,306,306,306,306,306,307,307,307.0,307,308,308.0,308.0,308.0,308.0
South West,E06000025,South Gloucestershire,E06000025,South Gloucestershire,282644,366,371,383,384,386,388,392,395,395,396,398,398,398,399,399,399,399,399,399,399,400,400,401,401,403,403,403,403,404,405,405,405,405,406,406,406,406,406,406,406,406.0,406,406,406.0,406.0,406.0,406.0
South West,E06000030,Swindon,E06000030,Swindon,221996,392,397,403,407,410,411,423,424,427,430,433,437,438,441,443,447,447,447,447,448,448,449,451,453,454,454,455,457,458,459,459,459,459,460,460,461,461,462,462,462,463.0,463,466,466.0,466.0,466.0,467.0
South West,E06000027,Torbay,E06000027,Torbay,135780,209,209,210,210,210,210,211,217,221,221,221,221,221,221,221,221,221,221,221,221,221,221,221,221,221,221,221,221,221,222,222,222,222,222,222,222,223,223,223,223,224.0,224,224,224.0,224.0,224.0,224.0
South West,E06000054,Wiltshire,E06000054,Wiltshire,498064,476,479,482,484,491,491,499,498,500,500,503,507,508,510,515,521,522,523,522,522,523,523,528,528,529,532,534,535,538,540,540,540,542,542,542,542,543,543,544,544,544.0,544,544,544.0,545.0,545.0,545.0
East of England,E06000055,Bedford,E06000055,Bedford,171623,486,490,500,501,504,500,531,531,545,548,549,548,552,583,584,603,610,611,609,611,635,639,648,653,654,654,652,652,653,685,695,695,697,704,703,714,716,727,728,726,745.0,753,761,772.0,774.0,776.0,776.0
East of England,E10000003,Cambridgeshire,E07000008,Cambridge,125758,184,188,193,195,195,196,204,205,215,216,218,220,220,221,221,222,223,225,225,225,226,224,225,225,226,226,228,228,228,232,234,234,234,235,235,236,236,236,236,236,236.0,236,236,236.0,236.0,236.0,236.0
East of England,E10000003,Cambridgeshire,E07000009,East Cambridgeshire,89362,87,89,96,98,99,99,100,102,103,103,107,108,108,108,110,111,112,112,112,112,112,112,112,112,113,113,113,113,113,115,115,115,115,116,115,115,115,115,115,115,115.0,115,115,116.0,116.0,116.0,116.0
East of England,E10000003,Cambridgeshire,E07000010,Fenland,101491,139,141,149,149,149,152,157,163,166,168,168,169,169,175,177,179,180,181,181,181,186,186,186,187,187,188,190,190,191,192,192,192,192,206,193,192,192,192,192,192,193.0,193,193,193.0,193.0,193.0,193.0
East of England,E10000003,Cambridgeshire,E07000011,Huntingdonshire,177352,274,281,286,287,287,288,307,321,343,353,354,355,355,368,378,388,398,399,398,398,431,433,429,438,440,442,455,455,457,473,475,475,475,529,475,475,477,478,478,478,478.0,479,479,480.0,480.0,480.0,480.0
East of England,E10000003,Cambridgeshire,E07000012,South Cambridgeshire,157519,184,183,188,188,194,198,199,199,201,203,203,203,204,205,207,206,206,206,206,207,207,208,205,207,210,210,210,211,213,214,215,215,214,219,217,217,217,216,217,218,218.0,218,218,218.0,219.0,218.0,218.0
East of England,E06000056,Central Bedfordshire,E06000056,Central Bedfordshire,283606,521,543,547,549,553,553,565,568,573,576,576,577,578,593,595,614,619,620,619,625,633,636,640,641,642,641,650,651,653,671,675,675,676,681,684,693,697,703,703,703,714.0,718,727,729.0,739.0,745.0,747.0
East of England,E10000012,Essex,E07000076,Tendring,145803,269,277,279,286,287,287,288,297,298,303,304,306,311,316,317,318,320,318,318,333,345,345,345,347,347,347,347,347,347,351,351,351,351,352,354,354,354,353,354,354,354.0,354,356,356.0,357.0,357.0,356.0
East of England,E10000012,Essex,E07000077,Uttlesford,89179,134,140,144,144,144,145,145,146,146,146,148,149,149,149,149,149,150,151,151,151,151,151,151,151,151,151,151,152,153,153,153,153,153,153,153,153,153,153,153,153,153.0,153,153,153.0,153.0,153.0,153.0
East of England,E10000012,Essex,E07000066,Basildon,185862,416,421,426,427,449,454,458,461,464,466,469,470,470,470,473,473,473,474,473,473,475,481,486,487,487,487,487,487,489,491,491,491,492,492,492,492,497,497,504,504,507.0,509,512,521.0,524.0,526.0,531.0
East of England,E10000012,Essex,E07000067,Braintree,151561,195,197,198,202,202,203,204,210,216,219,225,231,231,234,238,239,241,242,243,243,243,243,243,242,242,242,242,244,245,247,247,247,248,249,249,249,252,252,252,252,252.0,252,252,252.0,253.0,253.0,253.0
East of England,E10000012,Essex,E07000068,Brentwood,76550,161,161,162,163,163,162,168,171,171,171,172,173,174,174,175,177,177,179,179,179,179,183,185,184,185,185,185,184,185,185,186,186,185,185,186,186,185,186,187,187,187.0,188,188,188.0,188.0,188.0,188.0
East of England,E10000012,Essex,E07000069,Castle Point,90070,142,143,147,147,148,150,153,156,157,158,158,159,160,160,160,162,166,166,167,167,168,172,174,175,176,175,175,175,177,177,177,177,178,178,178,178,180,180,182,182,187.0,188,189,196.0,199.0,205.0,206.0
East of England,E10000012,Essex,E07000070,Chelmsford,177079,341,343,345,354,356,358,363,380,381,385,385,387,387,388,391,394,394,397,399,399,400,402,409,410,410,411,411,414,414,414,414,414,414,417,418,418,419,419,420,420,420.0,422,422,423.0,423.0,425.0,426.0
East of England,E10000012,Essex,E07000071,Colchester,192523,322,329,333,339,340,343,346,350,349,352,353,358,357,361,363,366,371,369,369,369,372,372,372,374,376,376,376,376,376,378,379,379,379,379,381,381,381,383,383,383,383.0,383,384,384.0,384.0,384.0,384.0
East of England,E10000012,Essex,E07000072,Epping Forest,131137,340,341,343,344,348,347,347,347,347,349,351,351,351,352,352,352,353,354,355,355,355,355,356,356,355,358,357,358,358,359,358,359,358,359,360,360,360,361,361,361,362.0,361,362,361.0,361.0,362.0,361.0
East of England,E10000012,Essex,E07000073,Harlow,86594,239,241,242,244,244,245,245,245,245,248,251,251,251,252,252,252,254,254,254,254,255,255,255,256,256,256,256,256,256,256,256,256,256,256,257,257,257,257,257,257,257.0,258,258,258.0,258.0,258.0,258.0
East of England,E10000012,Essex,E07000074,Maldon,64425,89,89,89,89,89,89,89,91,91,91,91,91,91,92,92,92,93,93,94,94,94,94,94,95,95,95,95,95,95,95,95,95,95,95,95,95,95,95,95,95,95.0,95,95,95.0,95.0,94.0,94.0
East of England,E10000012,Essex,E07000075,Rochford,86981,130,131,132,135,137,139,148,152,153,155,157,158,159,159,159,159,160,160,160,160,164,166,167,168,169,169,169,169,169,169,169,172,172,173,173,173,174,174,175,176,176.0,177,178,188.0,191.0,196.0,195.0
East of England,E10000015,Hertfordshire,E07000095,Broxbourne,96876,173,174,183,183,183,184,185,185,184,184,186,186,186,186,186,186,187,186,186,186,187,188,189,190,190,190,190,190,190,190,190,190,190,190,190,190,190,190,191,191,191.0,191,191,192.0,192.0,192.0,192.0
East of England,E10000015,Hertfordshire,E07000096,Dacorum,154280,308,310,317,317,317,323,326,327,331,332,332,333,334,339,341,343,346,348,352,354,355,357,358,359,360,359,360,361,361,364,364,364,364,366,366,366,367,368,369,369,371.0,371,371,371.0,373.0,374.0,376.0
East of England,E10000015,Hertfordshire,E07000098,Hertsmere,104205,366,365,373,374,375,378,378,379,379,382,384,385,386,387,387,387,386,386,387,388,388,390,390,390,390,390,390,391,391,394,395,395,394,395,396,397,396,398,397,398,399.0,400,399,399.0,401.0,400.0,403.0
East of England,E10000015,Hertfordshire,E07000099,North Hertfordshire,133214,158,160,194,201,201,201,206,212,214,217,217,225,225,225,227,228,227,227,228,230,229,229,230,231,230,230,231,231,231,231,231,231,231,231,231,232,232,233,233,234,234.0,234,235,235.0,236.0,236.0,236.0
East of England,E10000015,Hertfordshire,E07000102,Three Rivers,93045,225,230,233,234,234,243,243,244,245,246,248,250,250,252,252,253,253,254,254,254,254,254,255,256,257,258,258,259,259,259,259,260,260,260,260,261,261,261,261,262,263.0,264,264,264.0,264.0,264.0,264.0
East of England,E10000015,Hertfordshire,E07000103,Watford,96767,348,350,360,361,362,370,370,374,379,380,380,382,383,383,385,388,388,392,395,395,395,397,397,397,398,399,404,406,406,407,407,407,407,412,413,414,415,415,417,418,419.0,420,421,423.0,428.0,428.0,430.0
East of England,E10000015,Hertfordshire,E07000240,St Albans,147373,313,318,322,322,328,337,338,340,341,342,342,345,349,351,352,354,357,357,357,357,360,360,363,364,365,366,366,366,366,368,368,370,370,372,372,372,372,373,373,373,373.0,373,374,374.0,376.0,377.0,378.0
East of England,E10000015,Hertfordshire,E07000241,Welwyn Hatfield,122746,179,179,181,185,188,188,193,196,197,201,202,217,217,218,219,230,234,234,235,237,237,239,240,240,241,243,244,244,246,248,248,248,248,249,249,249,249,249,250,250,250.0,250,250,249.0,250.0,250.0,250.0
East of England,E10000015,Hertfordshire,E07000242,East Hertfordshire,148105,229,234,236,238,240,241,242,242,242,244,254,255,255,255,255,260,262,262,262,263,263,263,264,264,264,264,264,264,264,265,266,266,266,266,266,266,266,266,267,267,267.0,267,267,268.0,268.0,268.0,268.0
East of England,E10000015,Hertfordshire,E07000243,Stevenage,87754,168,168,170,174,175,176,179,181,181,183,183,183,183,186,186,187,189,189,189,189,189,190,190,190,190,190,191,191,191,191,191,191,191,191,191,192,192,192,192,192,192.0,192,192,192.0,192.0,192.0,192.0
East of England,E06000032,Luton,E06000032,Luton,214109,628,662,665,666,666,666,666,666,666,668,668,668,668,670,683,707,722,722,722,738,740,742,753,756,756,757,771,772,777,781,784,784,784,798,800,803,805,806,806,806,806.0,810,817,817.0,824.0,832.0,834.0
East of England,E06000042,Milton Keynes,E06000042,Milton Keynes,268607,484,489,495,498,497,499,500,501,502,503,506,507,507,507,507,508,509,508,509,508,510,510,510,511,509,509,510,510,510,510,510,510,510,512,512,512,513,513,513,513,513.0,513,513,513.0,514.0,514.0,514.0
East of England,E10000020,Norfolk,E07000143,Breckland,139329,234,235,237,245,247,248,248,249,251,256,258,272,273,274,275,276,278,278,277,278,279,281,283,283,285,285,287,289,289,291,291,291,291,291,291,292,293,294,294,294,294.0,294,294,295.0,295.0,295.0,295.0
East of England,E10000020,Norfolk,E07000144,Broadland,129464,232,239,245,251,252,255,254,262,269,270,272,275,276,277,279,285,288,292,292,292,293,295,298,299,299,300,299,300,302,302,302,302,302,302,302,302,302,303,305,305,305.0,305,305,313.0,313.0,313.0,313.0
East of England,E10000020,Norfolk,E07000145,Great Yarmouth,99370,211,219,219,220,224,224,225,226,229,233,233,235,236,239,244,263,268,270,269,270,270,273,273,274,278,279,279,281,282,286,288,288,288,288,288,290,292,293,293,293,293.0,293,293,293.0,293.0,293.0,293.0
East of England,E10000020,Norfolk,E07000146,King's Lynn and West Norfolk,151811,595,608,622,630,638,643,644,646,648,654,654,654,655,658,660,662,663,664,665,667,667,668,670,670,670,670,670,670,672,678,678,682,682,683,684,684,685,686,687,687,687.0,687,687,687.0,687.0,687.0,688.0
East of England,E10000020,Norfolk,E07000147,North Norfolk,104552,123,124,128,130,130,131,131,132,152,155,155,155,156,157,159,160,163,164,166,166,167,168,168,169,169,169,170,170,171,173,173,173,173,173,173,173,173,173,173,173,173.0,173,173,173.0,173.0,173.0,173.0
East of England,E10000020,Norfolk,E07000148,Norwich,141137,186,195,197,202,202,205,206,207,211,211,213,212,214,217,218,220,220,220,220,220,222,224,225,225,226,226,226,228,228,228,228,228,228,229,229,229,230,231,231,231,231.0,231,231,232.0,232.0,233.0,233.0
East of England,E10000020,Norfolk,E07000149,South Norfolk,138017,208,215,216,220,220,222,222,222,223,223,223,227,230,232,233,234,235,235,235,235,237,239,240,241,241,242,242,243,243,245,245,246,246,246,247,247,247,247,247,247,247.0,247,247,247.0,247.0,247.0,247.0
East of England,E06000031,Peterborough,E06000031,Peterborough,201041,284,294,295,295,295,295,341,355,363,368,368,369,371,382,384,389,394,394,396,406,418,424,422,426,428,427,431,432,436,437,439,439,439,499,441,440,442,449,449,449,452.0,456,458,460.0,464.0,465.0,465.0
East of England,E06000033,Southend-on-Sea,E06000033,Southend-on-Sea,182463,309,319,332,334,340,343,345,346,348,352,353,356,360,360,360,363,364,365,365,365,367,380,402,404,404,405,405,405,405,405,405,407,407,407,407,408,411,412,414,415,420.0,420,426,444.0,448.0,452.0,454.0
East of England,E10000029,Suffolk,E07000200,Babergh,91401,115,117,122,123,131,132,133,134,134,134,134,135,136,136,137,137,138,138,145,146,146,146,147,147,147,148,149,150,151,151,151,152,152,152,152,152,153,153,153,153,153.0,153,153,154.0,154.0,154.0,154.0
East of England,E10000029,Suffolk,E07000202,Ipswich,137532,306,310,311,313,313,314,315,315,321,322,322,323,325,327,328,328,344,344,345,346,346,348,349,348,348,348,349,349,350,351,351,352,351,351,351,352,351,351,352,351,351.0,351,351,351.0,352.0,352.0,352.0
East of England,E10000029,Suffolk,E07000203,Mid Suffolk,102493,140,148,150,151,152,153,156,156,160,161,161,162,165,166,166,166,167,168,168,168,169,171,171,174,174,175,177,177,181,181,182,182,182,182,183,183,183,183,183,183,183.0,183,183,183.0,183.0,183.0,183.0
East of England,E10000029,Suffolk,E07000244,East Suffolk,248249,470,480,488,506,506,507,511,531,540,541,543,551,550,553,562,569,572,584,589,589,589,595,597,606,608,608,612,617,619,621,621,621,622,623,623,623,623,623,623,623,623.0,623,623,623.0,624.0,625.0,625.0
East of England,E10000029,Suffolk,E07000245,West Suffolk,178881,178,180,185,188,188,189,188,190,192,192,195,196,198,199,201,205,210,211,217,218,220,221,222,223,225,226,226,227,229,230,232,232,234,234,234,234,235,235,235,235,235.0,235,235,235.0,235.0,235.0,235.0
East of England,E06000034,Thurrock,E06000034,Thurrock,172525,293,295,296,297,300,300,302,304,307,311,313,314,315,322,322,322,322,324,326,326,326,330,336,336,338,338,339,339,339,339,341,342,343,344,344,345,353,354,360,360,361.0,362,363,370.0,377.0,381.0,382.0
Midlands,E08000025,Birmingham,E08000025,Birmingham,1141374,3011,3060,3075,3103,3125,3162,3192,3216,3232,3260,3275,3303,3319,3340,3348,3373,3393,3402,3411,3425,3438,3459,3492,3268,3231,3237,3241,3242,3251,3257,3261,3270,3269,3284,3290,3301,3305,3308,3312,3315,3315.0,3322,3327,3334.0,3337.0,3337.0,3336.0
Midlands,E08000026,Coventry,E08000026,Coventry,366785,724,728,742,746,761,761,768,770,775,778,779,782,784,784,791,794,798,802,807,809,808,810,805,807,807,806,816,817,818,819,819,819,819,821,821,823,823,824,828,828,831.0,832,832,836.0,836.0,836.0,836.0
Midlands,E06000015,Derby,E06000015,Derby,257174,516,519,520,521,526,536,540,545,547,555,556,561,564,566,569,570,574,579,579,580,581,585,588,588,589,591,591,592,592,593,597,597,597,601,603,604,606,608,609,612,619.0,623,626,630.0,630.0,632.0,636.0
Midlands,E10000007,Derbyshire,E07000032,Amber Valley,126678,160,171,172,174,175,184,185,184,187,187,187,188,188,190,191,192,192,194,196,196,196,197,197,198,198,200,200,201,201,201,203,203,203,203,203,205,205,206,206,207,210.0,212,212,213.0,214.0,214.0,214.0
Midlands,E10000007,Derbyshire,E07000033,Bolsover,79530,127,129,131,131,139,139,140,141,142,143,144,146,147,149,149,150,150,150,151,151,152,153,153,153,155,155,155,156,157,158,158,158,158,158,158,158,159,159,159,159,159.0,159,159,159.0,159.0,159.0,159.0
Midlands,E10000007,Derbyshire,E07000034,Chesterfield,104628,171,172,175,175,179,180,188,189,190,194,198,203,204,213,219,220,221,223,224,226,226,226,228,227,227,227,228,228,228,228,228,228,228,228,231,230,230,231,233,233,233.0,233,234,233.0,233.0,233.0,235.0
Midlands,E10000007,Derbyshire,E07000035,Derbyshire Dales,71977,134,135,136,137,138,142,144,146,146,146,147,147,147,148,148,149,153,154,154,154,154,154,155,157,158,158,158,158,158,158,159,159,159,160,160,160,161,161,161,161,161.0,161,161,162.0,162.0,162.0,162.0
Midlands,E10000007,Derbyshire,E07000036,Erewash,115490,150,153,154,154,154,160,161,162,163,163,162,167,169,171,174,180,181,184,184,186,188,188,187,186,187,189,189,189,189,191,193,193,193,194,196,196,197,197,199,201,202.0,203,203,203.0,208.0,208.0,209.0
Midlands,E10000007,Derbyshire,E07000037,High Peak,92221,167,170,172,174,175,176,180,184,187,187,190,194,195,196,197,198,204,204,206,207,208,208,209,213,214,214,216,216,217,219,220,223,223,226,228,228,229,235,238,238,239.0,239,239,239.0,240.0,240.0,240.0
Midlands,E10000007,Derbyshire,E07000038,North East Derbyshire,101125,262,263,268,273,285,288,289,292,295,295,298,300,300,301,302,309,313,315,316,317,318,319,322,322,321,322,322,322,322,323,323,323,323,323,323,323,325,325,326,326,327.0,327,327,327.0,328.0,328.0,329.0
Midlands,E10000007,Derbyshire,E07000039,South Derbyshire,104493,208,208,209,209,210,211,214,216,217,221,222,223,224,225,226,227,229,230,231,231,235,239,243,243,242,242,243,244,244,244,245,246,246,246,246,246,247,248,248,248,248.0,248,249,250.0,250.0,250.0,251.0
Midlands,E08000027,Dudley,E08000027,Dudley,320626,862,867,869,872,876,881,884,889,891,895,900,907,915,919,928,936,936,937,938,941,941,945,948,894,878,878,880,881,881,882,884,885,885,888,888,888,888,888,888,888,889.0,891,891,895.0,895.0,895.0,895.0
Midlands,E06000019,"Herefordshire, County of",E06000019,"Herefordshire, County of",192107,335,348,358,391,403,405,408,413,413,414,418,423,423,427,430,435,437,437,436,437,438,439,440,441,443,443,444,445,448,450,454,454,454,456,459,461,461,461,461,461,461.0,463,463,463.0,463.0,463.0,463.0
Midlands,E06000016,Leicester,E06000016,Leicester,355218,723,730,745,758,762,770,780,789,796,801,812,824,831,836,840,848,855,859,864,868,871,878,884,891,896,900,907,911,915,918,925,928,933,934,937,941,956,963,968,973,980.0,988,990,996.0,1005.0,1008.0,1011.0
Midlands,E10000018,Leicestershire,E07000133,Melton,51100,54,55,55,56,56,57,57,60,60,60,62,62,63,63,65,65,67,69,70,70,70,70,71,71,71,71,72,72,72,72,73,73,73,74,75,76,76,76,76,76,76.0,76,76,76.0,76.0,76.0,76.0
Midlands,E10000018,Leicestershire,E07000134,North West Leicestershire,102126,135,135,136,137,137,137,137,138,138,139,141,142,142,143,144,149,149,150,152,153,153,153,153,153,154,154,157,158,161,162,163,164,164,165,165,165,164,167,167,168,168.0,168,169,170.0,170.0,170.0,170.0
Midlands,E10000018,Leicestershire,E07000135,Oadby and Wigston,57056,114,115,118,121,121,123,123,126,129,132,134,136,137,139,140,141,143,144,146,147,148,150,152,152,154,154,155,156,157,157,157,157,157,157,157,157,158,159,160,160,160.0,160,161,161.0,163.0,164.0,164.0
Midlands,E10000018,Leicestershire,E07000129,Blaby,100421,155,156,159,161,162,166,167,168,173,174,175,181,185,195,199,201,203,205,205,205,205,205,207,208,210,210,212,213,214,214,214,215,215,215,215,217,216,217,218,221,222.0,223,224,225.0,225.0,226.0,227.0
Midlands,E10000018,Leicestershire,E07000130,Charnwood,182643,219,221,226,231,232,235,238,247,254,256,258,260,263,264,276,284,290,296,295,296,298,300,302,302,303,305,307,308,311,312,312,313,314,314,314,314,314,316,316,316,317.0,316,316,317.0,317.0,317.0,318.0
Midlands,E10000018,Leicestershire,E07000131,Harborough,92499,125,128,129,131,132,134,135,136,138,139,139,139,143,144,146,147,152,154,157,158,158,160,161,161,162,164,166,166,166,167,167,167,167,167,167,168,169,169,170,170,170.0,171,172,173.0,173.0,175.0,175.0
Midlands,E10000018,Leicestershire,E07000132,Hinckley and Bosworth,112423,204,206,213,219,220,223,223,224,227,228,230,232,234,236,237,237,237,238,240,240,240,242,244,245,245,247,247,247,248,247,248,249,250,252,252,253,254,254,258,259,259.0,259,260,264.0,266.0,265.0,265.0
Midlands,E10000019,Lincolnshire,E07000136,Boston,69366,186,186,190,190,189,193,198,198,202,208,210,210,211,213,213,219,219,219,218,218,218,221,221,225,225,225,227,227,228,228,229,229,229,230,231,231,231,232,232,232,232.0,232,232,232.0,232.0,232.0,232.0
Midlands,E10000019,Lincolnshire,E07000137,East Lindsey,140741,141,141,142,143,143,146,148,148,149,151,152,153,153,153,153,157,157,157,157,157,157,158,158,160,160,160,164,164,164,164,164,164,164,164,164,164,164,164,165,165,165.0,165,165,165.0,165.0,165.0,165.0
Midlands,E10000019,Lincolnshire,E07000138,Lincoln,99039,109,109,110,110,110,112,114,116,117,117,117,117,117,118,118,118,118,119,119,119,119,120,120,121,121,121,121,121,121,121,121,121,121,121,121,121,121,121,121,122,122.0,122,122,124.0,125.0,125.0,125.0
Midlands,E10000019,Lincolnshire,E07000139,North Kesteven,115985,121,121,121,121,121,125,127,127,130,131,131,131,131,131,131,131,131,131,131,131,131,135,135,135,135,135,135,135,135,135,135,135,135,136,135,136,136,136,136,136,136.0,136,136,136.0,136.0,136.0,136.0
Midlands,E10000019,Lincolnshire,E07000140,South Holland,93980,131,131,132,132,132,179,184,184,186,198,198,198,198,212,213,216,217,217,217,217,221,225,225,226,226,226,227,227,228,228,228,228,228,233,228,230,230,230,230,230,230.0,230,230,232.0,232.0,232.0,233.0
Midlands,E10000019,Lincolnshire,E07000141,South Kesteven,141853,141,145,145,145,145,146,148,152,153,153,154,155,155,155,156,156,156,156,156,156,162,162,163,164,164,164,164,164,164,164,164,164,164,178,166,167,167,167,167,167,167.0,167,167,167.0,167.0,167.0,167.0
Midlands,E10000019,Lincolnshire,E07000142,West Lindsey,94869,74,75,76,76,76,76,77,77,78,78,78,78,78,79,79,79,79,79,79,79,79,80,80,80,80,80,80,80,80,80,80,80,80,80,82,84,84,84,84,84,84.0,84,84,84.0,84.0,84.0,84.0
Midlands,E06000012,North East Lincolnshire,E06000012,North East Lincolnshire,159821,138,138,139,139,140,143,145,145,145,146,146,148,148,148,148,150,150,150,150,150,150,153,153,155,155,156,156,156,157,157,158,158,158,161,162,162,162,163,164,164,164.0,164,165,165.0,165.0,165.0,165.0
Midlands,E06000013,North Lincolnshire,E06000013,North Lincolnshire,172005,414,415,424,426,426,431,448,453,473,477,484,490,491,493,495,503,503,503,501,501,501,510,511,513,514,514,518,518,519,517,519,519,519,521,521,521,521,521,521,521,521.0,521,522,523.0,524.0,524.0,523.0
Midlands,E10000021,Northamptonshire,E07000150,Corby,70827,86,87,90,91,96,98,102,102,104,105,107,110,112,115,117,117,119,120,120,123,123,123,124,125,125,128,128,128,128,129,128,128,128,129,131,131,131,131,131,131,131.0,131,131,131.0,130.0,130.0,130.0
Midlands,E10000021,Northamptonshire,E07000151,Daventry,84484,102,104,104,104,104,105,105,105,110,112,116,119,120,120,120,120,121,121,123,123,125,128,131,131,135,136,138,140,140,140,140,141,141,141,142,145,145,145,146,147,149.0,149,150,150.0,153.0,153.0,154.0
Midlands,E10000021,Northamptonshire,E07000152,East Northamptonshire,93906,140,143,146,147,151,154,156,159,162,163,169,170,171,174,176,178,181,184,185,187,189,190,193,196,197,199,200,200,203,205,206,207,208,213,211,211,212,213,213,213,213.0,213,213,214.0,217.0,217.0,217.0
Midlands,E10000021,Northamptonshire,E07000153,Kettering,101266,164,167,168,171,179,181,188,189,194,196,197,206,208,215,218,219,222,227,229,231,232,235,236,239,242,244,247,248,249,250,251,251,251,251,251,253,253,253,253,253,254.0,255,255,256.0,261.0,262.0,262.0
Midlands,E10000021,Northamptonshire,E07000154,Northampton,225146,380,390,390,391,391,392,392,401,422,430,434,441,447,456,458,460,464,468,473,476,479,484,489,492,496,500,508,516,518,517,524,525,525,529,532,533,542,545,546,550,555.0,557,564,565.0,569.0,570.0,573.0
Midlands,E10000021,Northamptonshire,E07000155,South Northamptonshire,92515,111,114,114,115,115,117,117,118,121,124,125,129,130,131,131,134,134,136,139,139,139,140,142,142,143,144,145,146,148,148,149,150,150,150,150,151,153,154,156,157,159.0,159,160,160.0,162.0,162.0,162.0
Midlands,E10000021,Northamptonshire,E07000156,Wellingborough,79478,101,104,109,109,114,118,120,125,130,131,133,136,137,143,144,145,146,150,153,156,156,158,159,160,160,161,162,164,166,167,168,169,169,169,169,170,170,171,171,171,171.0,171,171,173.0,172.0,173.0,173.0
Midlands,E06000018,Nottingham,E06000018,Nottingham,331069,562,563,567,570,569,571,573,579,585,587,588,589,592,593,596,595,599,600,599,600,601,603,604,609,611,611,613,613,613,612,614,614,615,617,617,619,619,620,622,623,624.0,625,625,625.0,626.0,626.0,626.0
Midlands,E10000024,Nottinghamshire,E07000170,Ashfield,127151,206,208,210,211,214,214,216,223,223,224,224,225,226,226,232,235,235,235,236,237,237,238,239,239,240,241,241,241,243,243,244,244,244,244,244,245,245,246,246,246,247.0,247,247,247.0,247.0,247.0,247.0
Midlands,E10000024,Nottinghamshire,E07000171,Bassetlaw,116839,176,178,178,178,178,185,185,188,190,193,194,196,205,208,211,218,220,220,220,220,224,227,227,228,228,228,229,230,240,241,244,244,244,245,246,246,248,249,249,249,249.0,250,251,253.0,256.0,258.0,259.0
Midlands,E10000024,Nottinghamshire,E07000172,Broxtowe,113272,222,222,222,223,223,223,224,227,228,228,230,231,232,232,236,236,238,238,237,237,237,237,238,237,237,237,237,238,239,238,238,238,238,240,240,240,240,240,240,240,241.0,241,242,242.0,242.0,242.0,242.0
Midlands,E10000024,Nottinghamshire,E07000173,Gedling,117786,199,199,200,204,203,203,205,205,206,207,208,209,210,210,210,212,213,213,214,214,214,216,216,217,220,220,220,221,221,221,222,222,222,223,223,224,224,225,224,224,224.0,224,224,224.0,224.0,226.0,226.0
Midlands,E10000024,Nottinghamshire,E07000174,Mansfield,108841,109,111,111,112,112,112,112,114,116,115,116,116,117,117,119,122,123,123,128,128,128,128,129,129,131,133,134,134,133,133,133,133,133,133,133,133,133,133,133,133,135.0,135,136,136.0,136.0,137.0,137.0
Midlands,E10000024,Nottinghamshire,E07000175,Newark and Sherwood,121566,129,129,130,132,133,133,133,141,144,148,148,150,151,152,155,156,157,158,158,158,158,159,159,160,163,163,163,164,164,165,167,167,167,169,169,169,170,170,170,170,170.0,170,171,171.0,171.0,171.0,171.0
Midlands,E10000024,Nottinghamshire,E07000176,Rushcliffe,117671,155,156,160,161,161,162,164,167,171,175,179,180,182,182,183,184,190,190,190,190,190,193,194,194,193,193,193,193,194,196,197,198,198,198,198,198,198,198,198,198,198.0,199,199,199.0,201.0,201.0,201.0
Midlands,E06000017,Rutland,E06000017,Rutland,39697,24,24,25,25,26,27,28,28,30,32,32,32,32,33,33,33,33,33,33,33,34,34,34,35,35,35,35,35,35,35,35,35,35,40,35,35,35,35,35,35,35.0,35,35,35.0,35.0,35.0,35.0
Midlands,E08000028,Sandwell,E08000028,Sandwell,327378,1067,1081,1097,1101,1110,1112,1125,1141,1148,1156,1159,1174,1200,1224,1239,1272,1280,1293,1295,1300,1312,1324,1343,1084,1029,1033,1037,1038,1041,1044,1044,1051,1051,1058,1061,1066,1065,1067,1071,1072,1074.0,1077,1078,1078.0,1079.0,1081.0,1082.0
Midlands,E06000051,Shropshire,E06000051,Shropshire,320274,571,586,588,610,616,648,660,676,681,697,710,726,738,747,761,770,777,784,790,793,794,800,805,808,811,812,810,802,804,807,812,815,815,819,821,826,829,836,841,845,854.0,853,856,857.0,858.0,860.0,860.0
Midlands,E08000029,Solihull,E08000029,Solihull,214909,602,607,611,613,622,631,636,639,643,643,648,648,652,653,656,658,661,664,664,665,667,668,672,665,663,667,667,667,669,669,669,669,669,671,673,673,674,674,675,675,675.0,677,677,679.0,679.0,679.0,679.0
Midlands,E10000028,Staffordshire,E07000192,Cannock Chase,100109,194,195,196,196,197,199,200,200,200,200,200,202,203,204,205,206,207,208,208,209,209,209,211,209,209,209,210,211,211,211,212,212,212,212,213,213,213,214,214,214,214.0,214,215,216.0,216.0,216.0,217.0
Midlands,E10000028,Staffordshire,E07000193,East Staffordshire,118574,289,291,295,297,298,298,298,299,302,302,303,303,304,305,306,308,309,309,311,311,314,314,316,317,318,319,320,319,319,319,319,319,319,321,321,323,323,324,326,326,326.0,326,330,331.0,333.0,335.0,335.0
Midlands,E10000028,Staffordshire,E07000194,Lichfield,103965,247,250,251,253,258,259,260,261,267,271,273,275,277,278,278,280,282,284,284,285,286,288,287,283,282,282,282,282,282,282,283,285,285,285,286,286,287,289,290,290,291.0,291,291,292.0,292.0,292.0,293.0
Midlands,E10000028,Staffordshire,E07000195,Newcastle-under-Lyme,129490,350,361,366,367,372,374,385,391,394,400,402,407,408,413,419,425,426,430,432,436,438,440,440,443,449,450,453,456,458,459,460,461,461,463,464,468,468,469,469,471,471.0,475,475,478.0,476.0,478.0,479.0
Midlands,E10000028,Staffordshire,E07000196,South Staffordshire,112126,254,255,256,262,263,265,265,265,265,266,266,267,267,269,271,271,272,271,272,272,273,275,278,280,280,283,284,285,287,288,289,289,288,288,289,290,291,293,295,296,296.0,296,297,297.0,297.0,297.0,297.0
Midlands,E10000028,Staffordshire,E07000197,Stafford,135880,244,252,252,252,254,255,257,261,263,266,270,276,284,287,289,295,298,301,303,303,304,304,308,310,312,312,314,316,318,319,319,319,320,320,320,320,322,322,322,323,323.0,323,324,326.0,327.0,329.0,329.0
Midlands,E10000028,Staffordshire,E07000198,Staffordshire Moorlands,98397,168,173,176,176,179,180,181,186,188,191,193,194,194,195,197,199,204,206,209,212,214,217,218,218,220,221,222,222,222,222,222,223,224,225,225,226,227,227,227,228,230.0,232,232,233.0,235.0,235.0,235.0
Midlands,E10000028,Staffordshire,E07000199,Tamworth,76678,156,157,157,158,158,158,158,159,162,163,164,166,168,168,168,171,174,174,177,179,181,182,182,177,179,180,180,180,180,180,181,181,181,183,183,183,183,183,183,183,183.0,183,183,183.0,183.0,183.0,183.0
Midlands,E06000021,Stoke-on-Trent,E06000021,Stoke-on-Trent,255833,558,588,612,614,616,633,640,654,663,675,686,697,702,705,714,723,731,740,743,744,749,756,764,768,772,777,784,789,803,806,809,809,812,813,812,820,823,824,829,833,834.0,840,841,846.0,848.0,851.0,852.0
Midlands,E06000020,Telford and Wrekin,E06000020,Telford and Wrekin,177799,299,303,308,311,311,317,322,330,333,334,339,344,345,349,350,355,358,359,362,362,362,364,364,367,367,368,368,363,362,364,365,366,366,366,367,368,368,368,368,368,369.0,371,371,373.0,373.0,373.0,374.0
Midlands,E08000030,Walsall,E08000030,Walsall,283378,1025,1044,1046,1054,1060,1064,1068,1071,1080,1082,1086,1091,1098,1105,1111,1117,1121,1122,1124,1124,1128,1130,1133,1099,1087,1089,1091,1093,1093,1094,1095,1097,1097,1099,1100,1100,1102,1104,1104,1104,1106.0,1106,1106,1106.0,1107.0,1107.0,1108.0
Midlands,E10000031,Warwickshire,E07000218,North Warwickshire,64850,157,160,161,162,165,166,166,168,170,172,173,175,176,179,182,182,182,184,187,187,189,189,190,189,189,189,190,191,194,198,199,200,200,201,201,201,201,203,206,206,210.0,210,210,215.0,215.0,215.0,215.0
Midlands,E10000031,Warwickshire,E07000219,Nuneaton and Bedworth,128902,344,352,362,362,364,364,369,376,379,381,384,386,390,394,400,401,401,405,405,408,411,411,415,415,415,415,428,434,436,442,446,449,449,456,458,460,464,469,474,475,479.0,479,479,490.0,490.0,491.0,491.0
Midlands,E10000031,Warwickshire,E07000220,Rugby,107194,165,169,171,172,173,173,173,175,175,177,178,178,178,181,181,184,185,185,185,186,186,189,189,189,189,189,194,194,194,194,194,194,194,194,195,195,198,198,198,198,198.0,198,198,200.0,200.0,200.0,200.0
Midlands,E10000031,Warwickshire,E07000221,Stratford-on-Avon,127580,342,343,344,346,347,348,350,351,352,354,354,356,356,358,359,360,360,360,361,361,362,362,362,362,362,363,363,366,366,367,369,369,369,369,369,369,369,369,370,370,370.0,370,370,370.0,370.0,370.0,370.0
Midlands,E10000031,Warwickshire,E07000222,Warwick,142484,259,262,265,267,268,268,275,277,278,279,281,283,283,283,287,290,291,294,294,295,296,296,297,295,295,294,294,295,297,297,297,298,298,298,298,299,299,300,300,302,302.0,302,302,303.0,303.0,303.0,303.0
Midlands,E08000031,Wolverhampton,E08000031,Wolverhampton,262008,908,916,918,934,938,946,948,956,958,958,959,967,974,977,982,985,993,1004,1008,1010,1012,1014,1018,1006,998,998,1001,1003,1006,1007,1020,1023,1024,1025,1027,1028,1033,1036,1039,1039,1039.0,1041,1044,1046.0,1047.0,1047.0,1048.0
Midlands,E10000034,Worcestershire,E07000234,Bromsgrove,98662,254,256,265,274,275,278,278,280,283,284,286,290,290,292,295,296,302,303,303,304,304,303,303,296,294,294,295,298,302,302,304,304,304,305,305,305,305,305,305,305,305.0,306,307,308.0,308.0,309.0,309.0
Midlands,E10000034,Worcestershire,E07000235,Malvern Hills,78113,131,131,131,133,134,133,133,134,134,134,135,137,136,137,137,137,137,137,138,137,138,137,138,137,136,137,137,138,138,138,138,138,139,139,139,139,139,139,139,139,139.0,138,139,138.0,139.0,139.0,138.0
Midlands,E10000034,Worcestershire,E07000236,Redditch,84989,193,195,197,200,203,208,209,212,213,219,218,219,223,223,224,225,225,225,227,230,229,232,231,233,235,234,236,238,238,238,238,238,237,239,239,241,242,244,244,245,245.0,246,245,247.0,246.0,246.0,249.0
Midlands,E10000034,Worcestershire,E07000237,Worcester,101891,204,204,208,208,208,210,211,209,210,212,212,214,214,215,215,217,219,219,219,220,221,221,221,218,219,219,220,222,222,224,222,222,222,225,225,226,227,230,231,231,232.0,232,232,233.0,233.0,234.0,234.0
Midlands,E10000034,Worcestershire,E07000238,Wychavon,127340,234,235,235,237,237,239,239,241,242,244,245,246,248,249,249,249,247,250,250,251,250,252,252,253,255,255,256,262,262,262,259,259,259,261,261,260,261,262,262,262,263.0,263,263,263.0,263.0,263.0,263.0
Midlands,E10000034,Worcestershire,E07000239,Wyre Forest,101062,203,203,207,208,209,214,215,218,224,225,225,228,231,230,231,232,234,235,237,238,238,239,241,240,240,240,241,247,247,247,245,246,246,247,247,248,249,249,250,250,250.0,250,250,250.0,250.0,250.0,250.0
North East and Yorkshire,E08000016,Barnsley,E08000016,Barnsley,245199,737,749,756,757,775,787,794,807,813,822,837,870,878,888,897,901,905,910,914,923,932,948,959,962,966,968,974,981,983,991,998,998,997,1000,1008,1014,1018,1024,1023,1028,1031.0,1040,1041,1045.0,1055.0,1057.0,1071.0
North East and Yorkshire,E08000032,Bradford,E08000032,Bradford,537173,1035,1064,1085,1100,1112,1115,1128,1147,1176,1192,1201,1213,1228,1234,1247,1250,1266,1274,1280,1291,1294,1303,1310,1320,1326,1332,1336,1343,1345,1351,1356,1356,1357,1370,1375,1378,1378,1386,1393,1398,1401.0,1405,1405,1413.0,1419.0,1427.0,1429.0
North East and Yorkshire,E08000033,Calderdale,E08000033,Calderdale,210082,262,270,273,274,274,276,278,278,279,279,283,283,285,285,287,288,290,290,291,291,291,292,293,294,294,294,294,296,296,296,297,297,297,298,299,299,299,299,299,299,300.0,300,300,302.0,302.0,302.0,302.0
North East and Yorkshire,E06000047,County Durham,E06000047,County Durham,526980,1618,1646,1666,1682,1698,1728,1769,1779,1794,1813,1821,1829,1853,1867,1879,1898,1930,1936,1960,1967,1976,1980,1994,2000,2005,2012,2013,2019,2022,2028,2031,2032,2032,2034,2036,2038,2040,2042,2044,2044,2045.0,2050,2052,2053.0,2055.0,2059.0,2063.0
North East and Yorkshire,E06000005,Darlington,E06000005,Darlington,106566,319,323,326,326,330,333,340,345,350,351,351,352,354,354,358,362,366,368,368,372,375,376,382,386,389,389,391,391,393,393,395,396,396,399,400,401,401,401,404,404,406.0,406,406,406.0,406.0,407.0,408.0
North East and Yorkshire,E08000017,Doncaster,E08000017,Doncaster,310542,580,588,588,591,591,623,622,629,643,663,669,681,695,706,728,732,741,741,744,746,754,765,778,785,786,786,800,816,846,853,878,879,879,887,889,891,902,906,907,906,906.0,911,911,915.0,916.0,918.0,918.0
North East and Yorkshire,E06000011,East Riding of Yorkshire,E06000011,East Riding of Yorkshire,339614,701,718,729,740,749,751,765,777,786,803,814,814,819,847,857,870,875,878,884,886,897,897,899,907,909,914,916,916,927,926,931,931,931,934,937,937,945,946,948,951,951.0,955,958,961.0,962.0,963.0,962.0
North East and Yorkshire,E08000037,Gateshead,E08000037,Gateshead,202508,918,944,963,966,970,969,974,977,977,980,982,982,983,985,987,989,994,993,998,998,999,1003,1003,1003,1003,1004,1005,1007,1008,1008,1008,1009,1009,1010,1010,1011,1013,1012,1013,1012,1013.0,1013,1013,1013.0,1013.0,1014.0,1014.0
North East and Yorkshire,E06000001,Hartlepool,E06000001,Hartlepool,93242,226,230,230,231,231,234,245,281,295,295,295,295,304,319,319,320,322,322,321,321,322,323,327,330,330,329,329,331,336,338,339,339,339,343,345,346,347,348,348,348,351.0,351,351,351.0,352.0,352.0,352.0
North East and Yorkshire,E06000010,"Kingston upon Hull, City of",E06000010,"Kingston upon Hull, City of",260645,552,569,576,587,593,593,616,624,631,636,646,646,646,665,674,682,682,689,695,701,715,719,723,726,727,734,734,735,744,748,750,753,752,754,757,757,770,772,772,780,780.0,785,789,790.0,795.0,796.0,795.0
North East and Yorkshire,E08000034,Kirklees,E08000034,Kirklees,438727,635,644,650,652,660,663,668,675,677,680,685,692,697,700,702,709,724,734,734,739,745,747,748,751,754,757,759,761,762,763,765,768,772,773,777,777,779,781,784,787,788.0,789,791,794.0,795.0,796.0,797.0
North East and Yorkshire,E08000035,Leeds,E08000035,Leeds,789194,1555,1578,1598,1635,1640,1661,1662,1678,1696,1711,1722,1734,1745,1756,1760,1763,1774,1794,1802,1809,1816,1820,1823,1828,1832,1835,1840,1843,1846,1847,1850,1855,1855,1862,1863,1869,1874,1879,1879,1882,1884.0,1885,1888,1890.0,1893.0,1895.0,1898.0
North East and Yorkshire,E06000002,Middlesbrough,E06000002,Middlesbrough,140545,600,615,619,624,626,628,630,631,632,633,634,634,638,645,652,656,659,665,667,668,670,673,676,676,676,677,678,678,679,680,683,685,685,687,688,688,689,691,691,691,692.0,694,694,694.0,695.0,695.0,695.0
North East and Yorkshire,E08000021,Newcastle upon Tyne,E08000021,Newcastle upon Tyne,300196,973,983,989,991,996,1009,1011,1013,1013,1021,1022,1022,1027,1029,1032,1035,1040,1040,1043,1045,1046,1049,1051,1057,1061,1062,1064,1064,1064,1067,1068,1069,1069,1071,1072,1073,1074,1076,1076,1076,1076.0,1077,1080,1081.0,1081.0,1082.0,1082.0
North East and Yorkshire,E08000022,North Tyneside,E08000022,North Tyneside,205985,503,508,513,516,528,532,537,537,538,549,551,553,557,555,555,560,565,564,566,566,566,566,565,570,613,616,619,621,621,622,622,623,624,627,627,629,630,631,632,634,634.0,637,639,639.0,639.0,639.0,639.0
North East and Yorkshire,E10000023,North Yorkshire,E07000163,Craven,56832,127,129,131,134,135,135,136,137,137,138,138,139,139,139,140,140,140,140,140,140,140,141,142,142,142,142,142,143,143,143,143,143,143,143,143,143,143,143,143,143,143.0,144,144,144.0,144.0,146.0,146.0
North East and Yorkshire,E10000023,North Yorkshire,E07000164,Hambleton,91134,181,186,186,187,187,188,188,188,190,193,193,193,194,195,197,198,199,200,200,201,201,203,205,205,206,206,208,208,209,210,210,211,212,213,213,214,214,214,214,214,214.0,215,215,215.0,215.0,215.0,215.0
North East and Yorkshire,E10000023,North Yorkshire,E07000165,Harrogate,160533,245,251,262,262,264,265,266,268,276,277,279,279,280,282,282,282,282,285,285,290,292,293,300,301,302,304,304,306,306,307,307,308,308,312,312,313,313,319,319,322,323.0,323,325,325.0,326.0,326.0,326.0
North East and Yorkshire,E10000023,North Yorkshire,E07000166,Richmondshire,53244,104,119,121,122,122,124,124,125,126,126,126,126,128,127,129,129,131,129,129,129,129,130,130,130,131,132,132,133,133,134,134,134,134,134,134,134,134,134,134,134,134.0,134,134,134.0,134.0,134.0,135.0
North East and Yorkshire,E10000023,North Yorkshire,E07000167,Ryedale,54920,65,66,70,70,70,72,73,74,75,76,76,77,77,77,77,78,78,78,78,79,79,79,79,79,79,79,79,79,79,79,79,79,79,79,79,79,79,79,79,79,79.0,79,79,79.0,79.0,79.0,79.0
North East and Yorkshire,E10000023,North Yorkshire,E07000168,Scarborough,108736,263,267,272,274,278,283,290,293,295,299,300,301,301,302,303,304,306,306,305,305,305,305,305,305,305,305,305,306,307,307,308,308,309,310,311,311,311,311,311,311,311.0,311,311,311.0,311.0,311.0,312.0
North East and Yorkshire,E10000023,North Yorkshire,E07000169,Selby,89106,117,119,120,124,124,124,130,131,132,133,133,133,134,134,134,134,135,135,135,135,135,135,135,136,136,136,136,136,136,137,137,137,136,136,136,136,136,136,136,136,136.0,136,137,137.0,137.0,137.0,137.0
North East and Yorkshire,E06000057,Northumberland,E06000057,Northumberland,320274,832,847,861,865,867,872,897,900,905,908,913,915,917,919,920,922,925,927,929,930,932,934,934,938,1006,1009,1023,1029,1026,1030,1031,1032,1032,1041,1041,1042,1044,1045,1045,1048,1053.0,1054,1058,1062.0,1063.0,1064.0,1065.0
North East and Yorkshire,E06000003,Redcar and Cleveland,E06000003,Redcar and Cleveland,136718,345,356,359,366,368,372,376,377,381,386,386,386,389,391,399,401,403,404,406,410,413,415,419,419,422,423,423,426,426,427,427,427,428,428,428,429,429,429,429,429,429.0,429,429,429.0,429.0,429.0,429.0
North East and Yorkshire,E08000018,Rotherham,E08000018,Rotherham,264671,782,793,799,805,814,825,831,835,843,850,851,860,862,872,883,900,914,920,929,939,947,957,960,970,971,979,983,989,991,998,1006,1006,1007,1011,1012,1015,1020,1023,1026,1030,1034.0,1038,1046,1048.0,1052.0,1051.0,1063.0
North East and Yorkshire,E08000019,Sheffield,E08000019,Sheffield,582506,2306,2327,2341,2354,2376,2404,2419,2436,2443,2461,2472,2477,2486,2493,2498,2504,2514,2513,2519,2519,2523,2528,2532,2536,2540,2542,2541,2551,2551,2567,2569,2569,2570,2579,2584,2586,2600,2604,2612,2618,2624.0,2636,2639,2648.0,2650.0,2655.0,2657.0
North East and Yorkshire,E08000023,South Tyneside,E08000023,South Tyneside,150265,633,643,647,658,670,673,681,688,691,710,714,714,719,723,726,726,730,730,736,738,739,739,741,744,744,744,745,745,746,746,746,746,746,747,747,748,749,749,751,751,751.0,751,751,751.0,751.0,751.0,751.0
North East and Yorkshire,E06000004,Stockton-on-Tees,E06000004,Stockton-on-Tees,197213,409,433,435,435,436,448,466,487,504,502,502,502,524,536,548,556,560,561,562,563,566,567,590,595,595,595,595,602,611,611,614,614,614,618,621,623,626,627,627,627,631.0,633,635,636.0,644.0,644.0,644.0
North East and Yorkshire,E08000024,Sunderland,E08000024,Sunderland,277417,1268,1276,1283,1290,1324,1325,1332,1337,1338,1348,1351,1352,1356,1361,1364,1365,1369,1369,1372,1374,1375,1376,1377,1378,1379,1380,1381,1381,1382,1382,1385,1385,1385,1385,1385,1385,1386,1386,1386,1386,1386.0,1386,1386,1386.0,1386.0,1386.0,1386.0
North East and Yorkshire,E08000036,Wakefield,E08000036,Wakefield,345038,588,600,617,630,634,638,647,656,668,671,684,695,707,713,716,721,722,725,728,733,737,740,742,745,749,748,751,756,759,761,765,767,771,775,777,780,780,781,781,782,783.0,783,783,784.0,784.0,785.0,785.0
North East and Yorkshire,E06000014,York,E06000014,York,209893,362,380,393,395,402,408,420,427,430,434,438,439,440,442,444,447,449,449,447,449,450,451,456,456,456,457,459,461,462,462,462,462,462,462,462,462,462,462,462,462,462.0,462,462,462.0,462.0,462.0,462.0
North West,E06000008,Blackburn with Darwen,E06000008,Blackburn with Darwen,148942,345,349,357,364,367,370,372,375,379,380,384,386,391,394,396,400,402,406,407,407,408,408,410,410,410,411,411,413,413,416,416,416,416,416,416,417,417,418,419,420,421.0,422,422,423.0,423.0,423.0,423.0
North West,E06000009,Blackpool,E06000009,Blackpool,139305,489,493,502,503,508,517,522,530,535,537,544,547,551,554,559,567,590,602,609,620,621,623,630,636,640,643,649,648,654,654,659,662,662,666,668,668,671,673,675,676,677.0,677,677,677.0,678.0,679.0,678.0
North West,E08000001,Bolton,E08000001,Bolton,285372,865,875,881,890,903,904,913,922,929,935,940,954,959,970,978,986,993,999,1001,1001,1007,1009,1013,1016,1018,1019,1024,1025,1028,1032,1034,1038,1038,1038,1039,1039,1039,1040,1044,1044,1045.0,1046,1047,1048.0,1050.0,1052.0,1054.0
North West,E08000002,Bury,E08000002,Bury,190108,628,632,633,639,642,649,651,653,655,660,664,669,675,687,693,711,717,725,732,735,741,745,749,753,757,761,764,771,774,774,778,782,789,790,790,793,795,795,800,803,806.0,806,809,809.0,809.0,811.0,815.0
North West,E06000049,Cheshire East,E06000049,Cheshire East,380790,966,980,1018,1021,1031,1041,1050,1066,1071,1082,1093,1102,1119,1127,1132,1156,1170,1186,1188,1201,1204,1214,1221,1225,1231,1238,1241,1249,1252,1255,1257,1259,1260,1269,1273,1282,1287,1294,1299,1303,1309.0,1317,1325,1329.0,1328.0,1332.0,1337.0
North West,E06000050,Cheshire West and Chester,E06000050,Cheshire West and Chester,340502,890,897,907,914,927,937,943,957,974,982,989,992,1009,1020,1035,1061,1073,1078,1087,1096,1102,1110,1117,1130,1141,1145,1151,1157,1164,1169,1176,1178,1180,1191,1193,1196,1198,1198,1201,1206,1211.0,1215,1220,1225.0,1230.0,1233.0,1235.0
North West,E10000006,Cumbria,E07000026,Allerdale,97527,227,229,230,232,232,232,233,233,233,236,238,238,238,238,239,239,241,248,248,248,248,248,250,250,250,250,251,251,251,251,251,251,251,252,252,253,253,253,254,254,254.0,256,256,256.0,256.0,256.0,256.0
North West,E10000006,Cumbria,E07000027,Barrow-in-Furness,67137,540,541,541,542,552,552,553,553,553,553,555,555,556,556,557,557,557,558,558,558,559,559,559,559,560,561,561,561,561,563,564,564,564,564,564,565,565,566,566,566,567.0,567,569,569.0,571.0,571.0,571.0
North West,E10000006,Cumbria,E07000028,Carlisle,108387,430,437,463,467,467,467,467,468,473,475,475,476,478,481,485,486,489,490,492,493,493,492,492,492,492,492,493,493,494,494,494,494,493,493,493,493,494,494,495,495,495.0,496,497,497.0,499.0,499.0,500.0
North West,E10000006,Cumbria,E07000029,Copeland,68424,256,258,260,260,260,260,260,262,262,262,262,262,262,262,263,266,266,272,272,274,274,274,274,274,276,276,281,284,292,292,294,294,294,295,295,297,298,298,298,298,298.0,298,298,298.0,298.0,298.0,298.0
North West,E10000006,Cumbria,E07000030,Eden,52881,90,92,95,95,95,94,95,95,95,97,98,98,98,99,99,99,102,102,102,102,102,102,104,104,104,104,104,105,105,106,106,107,107,107,108,108,108,108,108,108,108.0,108,109,109.0,110.0,110.0,113.0
North West,E10000006,Cumbria,E07000031,South Lakeland,104532,504,505,507,508,509,510,510,511,513,514,514,516,516,517,518,521,521,522,524,525,525,525,525,525,525,527,527,528,529,531,532,532,532,532,533,533,533,533,536,536,537.0,537,538,538.0,538.0,539.0,540.0
North West,E06000006,Halton,E06000006,Halton,128432,338,341,343,347,347,349,351,353,357,359,361,369,374,377,380,384,387,387,391,392,394,394,395,400,399,405,405,408,408,407,408,409,407,408,408,409,407,411,411,411,412.0,412,412,413.0,412.0,412.0,417.0
North West,E08000011,Knowsley,E08000011,Knowsley,149571,591,606,612,619,620,619,627,635,638,640,641,643,639,651,647,647,652,658,659,660,662,659,666,667,667,668,670,672,675,672,672,674,664,672,665,673,667,673,672,675,673.0,674,676,671.0,678.0,678.0,679.0
North West,E10000017,Lancashire,E07000117,Burnley,88527,170,173,175,176,176,178,178,181,183,184,185,185,186,186,186,189,190,191,192,192,193,193,193,194,194,194,194,194,194,194,194,195,196,196,196,196,197,197,197,197,198.0,198,199,199.0,200.0,201.0,201.0
North West,E10000017,Lancashire,E07000118,Chorley,116821,288,294,295,297,299,302,305,305,311,314,317,319,320,323,324,328,332,332,333,334,335,336,339,341,341,344,346,346,346,348,349,350,350,354,354,355,356,359,359,360,361.0,361,361,361.0,363.0,363.0,362.0
North West,E10000017,Lancashire,E07000119,Fylde,79770,200,203,205,205,206,209,213,215,219,221,223,225,225,227,229,229,235,238,239,244,246,248,251,256,258,259,261,262,262,264,265,267,267,271,272,273,275,277,276,278,279.0,280,282,283.0,283.0,283.0,283.0
North West,E10000017,Lancashire,E07000120,Hyndburn,80815,123,125,128,130,134,134,136,136,139,139,139,141,143,145,145,146,146,147,147,147,147,147,148,148,148,148,149,149,149,149,150,150,151,151,153,153,153,154,156,156,156.0,157,157,158.0,158.0,158.0,159.0
North West,E10000017,Lancashire,E07000121,Lancaster,144246,740,743,744,746,749,753,773,775,779,780,781,782,785,787,788,791,791,792,793,795,795,796,797,798,798,798,798,800,802,803,804,804,804,805,805,805,805,805,805,806,806.0,806,807,807.0,807.0,807.0,809.0
North West,E10000017,Lancashire,E07000122,Pendle,91405,153,155,158,160,166,167,168,169,170,173,177,177,178,180,180,181,182,184,184,184,184,184,185,187,187,187,187,187,188,189,190,191,191,191,191,193,193,195,195,195,195.0,195,195,196.0,197.0,198.0,198.0
North West,E10000017,Lancashire,E07000123,Preston,141818,357,362,362,366,368,369,370,371,374,377,382,384,390,395,399,405,418,418,421,424,426,428,432,436,436,440,444,446,450,451,460,464,464,469,470,471,472,473,476,476,477.0,477,478,478.0,479.0,481.0,481.0
North West,E10000017,Lancashire,E07000124,Ribble Valley,60057,88,89,90,90,89,89,89,89,90,90,90,91,91,91,91,92,93,93,94,94,94,94,94,95,95,97,98,98,99,101,101,102,102,103,103,103,103,104,105,106,106.0,106,106,106.0,106.0,106.0,106.0
North West,E10000017,Lancashire,E07000125,Rossendale,70895,148,150,155,157,158,160,161,164,165,167,168,168,169,169,170,170,170,170,170,171,171,172,172,173,173,174,174,175,175,176,177,177,177,177,177,177,177,177,177,177,177.0,177,177,177.0,177.0,177.0,177.0
North West,E10000017,Lancashire,E07000126,South Ribble,110527,195,200,201,202,206,209,209,213,219,220,221,221,223,225,229,235,239,243,246,249,249,252,253,253,254,254,257,257,259,261,261,263,263,264,265,267,268,270,271,272,274.0,276,276,279.0,279.0,279.0,279.0
North West,E10000017,Lancashire,E07000127,West Lancashire,113949,315,317,320,323,323,324,339,342,347,351,351,351,357,362,363,365,364,366,368,368,370,373,373,374,376,378,377,378,379,380,379,380,380,381,382,382,382,385,387,387,387.0,387,387,387.0,387.0,388.0,390.0
North West,E10000017,Lancashire,E07000128,Wyre,111223,278,282,286,289,293,297,298,301,303,306,306,307,311,316,316,318,325,332,334,340,342,345,348,354,356,357,360,361,366,369,370,371,371,377,377,377,379,379,380,382,382.0,383,383,384.0,385.0,386.0,386.0
North West,E08000012,Liverpool,E08000012,Liverpool,494814,1500,1503,1504,1508,1509,1512,1515,1520,1526,1538,1549,1558,1558,1564,1572,1576,1581,1591,1592,1602,1607,1606,1614,1623,1627,1629,1630,1633,1633,1635,1637,1639,1637,1639,1638,1641,1659,1661,1661,1665,1669.0,1668,1670,1672.0,1677.0,1674.0,1675.0
North West,E08000003,Manchester,E08000003,Manchester,547627,1257,1279,1302,1326,1334,1349,1362,1376,1395,1404,1410,1428,1445,1462,1482,1502,1512,1524,1529,1538,1552,1558,1565,1570,1578,1584,1587,1597,1607,1612,1620,1626,1631,1635,1636,1643,1648,1659,1671,1676,1685.0,1693,1697,1703.0,1708.0,1711.0,1714.0
North West,E08000004,Oldham,E08000004,Oldham,235623,886,903,915,939,943,957,960,976,985,992,997,1004,1012,1017,1024,1029,1043,1053,1058,1065,1065,1067,1068,1072,1076,1079,1084,1091,1092,1095,1097,1102,1105,1112,1112,1116,1121,1126,1135,1138,1139.0,1140,1142,1143.0,1145.0,1150.0,1151.0
North West,E08000005,Rochdale,E08000005,Rochdale,220001,622,640,648,658,666,670,674,678,688,699,706,720,729,736,747,752,758,760,765,769,770,776,777,786,790,794,801,810,815,822,825,827,830,833,836,839,846,850,856,861,863.0,868,870,873.0,878.0,878.0,881.0
North West,E08000006,Salford,E08000006,Salford,254408,844,855,858,864,866,874,877,879,883,887,891,891,896,902,905,908,912,917,918,922,928,929,930,930,931,930,935,938,940,942,947,950,952,955,956,959,960,962,965,966,967.0,970,971,972.0,972.0,972.0,977.0
North West,E08000014,Sefton,E08000014,Sefton,275396,849,853,858,858,860,866,874,877,883,886,889,891,892,895,900,908,908,910,915,924,925,926,926,929,932,933,932,934,937,940,941,940,941,940,943,943,957,963,965,965,964.0,964,967,969.0,972.0,974.0,974.0
North West,E08000013,St. Helens,E08000013,St. Helens,180049,686,687,696,696,696,702,708,713,716,724,725,730,728,741,744,743,742,747,750,752,752,752,751,751,750,754,753,753,754,752,752,759,757,762,757,760,761,757,760,759,760.0,761,762,761.0,764.0,765.0,767.0
North West,E08000007,Stockport,E08000007,Stockport,291775,928,938,951,958,963,971,978,988,998,1004,1007,1013,1014,1023,1025,1032,1037,1040,1039,1042,1044,1048,1047,1049,1049,1054,1054,1055,1055,1054,1056,1057,1057,1058,1061,1061,1064,1064,1068,1070,1073.0,1074,1074,1074.0,1079.0,1083.0,1084.0
North West,E08000008,Tameside,E08000008,Tameside,225197,513,528,531,535,549,550,558,580,590,607,617,627,633,642,653,658,674,683,696,701,709,713,715,725,731,735,740,745,751,761,762,777,778,785,790,789,799,811,824,832,833.0,836,844,846.0,856.0,859.0,863.0
North West,E08000009,Trafford,E08000009,Trafford,236370,658,669,673,682,687,691,696,707,726,731,737,746,751,757,770,784,787,791,800,800,804,807,815,817,825,829,828,830,835,837,841,843,842,844,846,847,850,857,861,868,870.0,871,871,872.0,878.0,879.0,881.0
North West,E06000007,Warrington,E06000007,Warrington,209547,658,664,677,682,683,687,688,693,703,712,718,722,732,732,738,745,748,751,758,762,763,764,762,765,770,772,772,776,776,780,781,779,782,785,787,788,789,794,795,799,800.0,799,799,801.0,802.0,802.0,803.0
North West,E08000010,Wigan,E08000010,Wigan,326088,910,923,962,975,998,1005,1033,1069,1080,1088,1089,1118,1117,1124,1130,1133,1146,1151,1157,1175,1192,1199,1202,1205,1206,1207,1208,1210,1212,1213,1217,1219,1219,1220,1221,1223,1226,1226,1230,1230,1230.0,1231,1229,1231.0,1230.0,1231.0,1231.0
North West,E08000015,Wirral,E08000015,Wirral,323235,1075,1093,1105,1119,1129,1140,1144,1160,1163,1170,1177,1180,1187,1198,1204,1223,1227,1233,1243,1252,1257,1263,1271,1283,1286,1293,1295,1301,1308,1310,1316,1317,1319,1320,1322,1325,1331,1335,1339,1343,1347.0,1350,1352,1354.0,1354.0,1356.0,1359.0
Scotland,S08000015,Ayrshire and Arran,S12000008,East Ayrshire,121840,,320,320,324,326,327,329,329,333,333,,336,336,340,343,347,355,356,356,357,356,,357,363,365,366,366,370,372,373,373,375,375,375,375,375,377,377,378,<-- Pillar 1,,,436,438.0,438.0,438.0,438.0
Scotland,S08000015,Ayrshire and Arran,S12000021,North Ayrshire,135280,,259,261,264,269,278,299,302,304,306,,307,307,310,313,314,319,320,320,320,323,,325,334,335,339,339,340,342,345,346,346,347,348,348,349,351,351,351,,,Pillar 1 + 2 -->,399,400.0,401.0,402.0,402.0
Scotland,S08000015,Ayrshire and Arran,S12000028,South Ayrshire,112550,,277,284,285,287,291,294,295,298,306,,305,308,308,310,311,320,322,322,325,328,,334,337,337,337,337,337,338,339,339,339,339,339,339,339,339,339,339,,,,391,391.0,391.0,391.0,391.0
Scotland,S08000016,Borders,S12000026,Scottish Borders,115270,,286,286,286,279,294,284,298,304,310,,316,317,322,322,322,322,322,322,323,323,,325,325,325,325,325,325,325,326,326,326,326,326,327,327,327,327,327,,,,345,345.0,345.0,346.0,346.0
Scotland,S08000017,Dumfries and Galloway,S12000006,Dumfries & Galloway,148790,,249,249,249,249,249,249,250,250,257,,252,252,257,252,252,257,258,260,260,260,,260,260,260,260,260,260,261,261,261,261,261,261,261,261,261,261,261,,,,274,284.0,284.0,284.0,285.0
Scotland,S08000019,Forth Valley,S12000005,Clackmannanshire,51400,,147,147,147,148,161,162,162,162,163,,165,165,165,165,165,167,168,168,168,168,,168,172,174,175,176,177,177,178,178,178,178,178,178,178,178,178,178,,,,194,194.0,194.0,194.0,194.0
Scotland,S08000019,Forth Valley,S12000014,Falkirk,160340,,497,497,497,500,510,512,515,518,523,,526,526,535,537,539,545,543,543,543,544,,544,544,544,547,550,555,557,558,561,559,560,561,561,561,561,563,564,,,,635,635.0,637.0,638.0,639.0
Scotland,S08000019,Forth Valley,S12000030,Stirling,94330,,184,184,184,185,185,185,186,188,189,,190,191,193,194,204,207,206,207,207,207,,207,208,210,209,209,210,210,210,211,210,210,210,210,210,210,210,211,,,,225,225.0,225.0,225.0,225.0
Scotland,S08000020,Grampian,S12000033,Aberdeen City,227560,,570,599,610,625,643,656,662,669,684,,697,702,710,711,714,715,715,732,736,742,,749,750,751,754,757,757,758,759,758,760,761,761,761,761,761,761,764,,,,828,828.0,828.0,829.0,829.0
Scotland,S08000020,Grampian,S12000034,Aberdeenshire,261470,,370,374,377,384,387,396,403,404,413,,419,418,420,420,421,421,421,423,424,424,,429,431,431,432,432,433,433,433,433,433,433,434,434,435,435,435,438,,,,477,477.0,477.0,478.0,478.0
Scotland,S08000020,Grampian,S12000020,Moray,95520,,48,49,50,55,57,57,62,65,68,,70,72,73,74,75,75,76,77,77,77,,78,78,78,78,78,78,78,78,78,78,78,78,78,78,78,78,78,,,,86,86.0,86.0,86.0,86.0
Scotland,S08000022,Highland,S12000035,Argyll & Bute,86260,,129,129,131,131,132,134,134,135,137,,135,135,135,135,136,138,136,136,137,138,,138,138,138,138,138,138,138,138,140,138,139,139,139,140,140,140,140,,,,159,159.0,159.0,159.0,159.0
Scotland,S08000022,Highland,S12000017,Highland,235540,,179,179,180,180,181,182,187,189,191,,189,191,193,193,193,194,195,195,195,195,,195,195,195,196,196,197,197,197,196,197,197,197,197,197,197,197,197,,,,209,209.0,209.0,209.0,209.0
Scotland,S08000024,Lothian,S12000010,East Lothian,105790,,209,211,212,213,215,216,220,222,223,,222,222,223,226,229,231,232,232,234,234,,236,237,237,237,238,238,240,240,240,240,240,240,240,240,240,240,240,,,,270,271.0,271.0,272.0,272.0
Scotland,S08000024,Lothian,S12000036,"Edinburgh, City of",518500,,1330,1360,1380,1387,1394,1409,1418,1438,1472,,1464,1469,1477,1493,1502,1526,1541,1543,1544,1552,,1559,1562,1565,1568,1569,1573,1587,1589,1592,1597,1599,1601,1602,1605,1613,1620,1622,,,,1767,1772.0,1776.0,1778.0,1778.0
Scotland,S08000024,Lothian,S12000019,Midlothian,91340,,390,399,408,409,414,423,430,437,445,,454,456,458,461,463,466,467,469,471,473,,475,478,478,478,478,478,482,482,483,483,483,483,483,484,486,488,489,,,,531,531.0,531.0,531.0,531.0
Scotland,S08000024,Lothian,S12000040,West Lothian,182140,,304,311,318,324,326,333,340,342,359,,368,368,370,374,380,384,388,389,390,390,,392,392,392,395,395,397,405,411,412,414,414,415,415,416,417,417,418,,,,500,503.0,504.0,507.0,508.0
Scotland,S08000025,Orkney,S12000023,Orkney,22190,,7,7,7,7,7,7,7,7,7,,7,7,7,7,7,7,7,7,7,7,,8,8,8,8,8,8,8,8,8,8,8,8,8,8,8,8,8,,,,9,9.0,9.0,9.0,9.0
Scotland,S08000026,Shetland,S12000027,Shetland,22990,,54,54,54,54,54,54,54,54,54,,54,54,54,54,54,54,54,54,54,54,,54,54,54,54,54,54,54,54,54,54,54,54,54,54,54,54,54,,,,54,54.0,54.0,54.0,54.0
Scotland,S08000028,Western Isles,S12000013,Na h-Eileanan Siar,26830,,6,6,6,6,6,6,6,6,6,,6,6,6,6,6,6,6,6,6,6,,6,6,6,6,6,6,6,6,6,6,6,6,6,6,6,6,6,,,,7,7.0,7.0,7.0,7.0
Scotland,S08000029,Fife,S12000047,Fife,371910,,804,810,811,813,813,816,823,824,824,,824,825,826,826,826,826,826,827,828,830,,831,834,835,836,871,876,877,877,879,879,879,879,880,882,883,884,885,,,,928,928.0,928.0,928.0,928.0
Scotland,S08000030,Tayside,S12000041,Angus,116040,,361,366,366,366,368,368,373,380,384,,387,391,405,413,415,418,429,430,430,431,,431,431,431,431,431,431,431,431,433,433,433,433,435,435,435,435,436,,,,456,456.0,456.0,456.0,456.0
Scotland,S08000030,Tayside,S12000042,Dundee City,148750,,798,804,812,813,819,826,841,848,876,,876,877,884,890,897,900,900,901,901,902,,907,909,910,912,912,912,912,913,915,914,915,916,920,921,921,922,922,,,,960,960.0,960.0,961.0,961.0
Scotland,S08000030,Tayside,S12000048,Perth & Kinross,151290,,304,308,310,310,310,313,315,316,317,,318,319,319,320,320,321,321,321,321,321,,323,323,323,322,322,322,322,323,324,323,323,323,323,323,323,323,323,,,,338,338.0,338.0,338.0,338.0
Scotland,S08000031,Greater Glasgow and Clyde,S12000045,East Dunbartonshire,108330,,322,325,338,341,351,371,379,380,389,,388,389,393,399,401,406,405,412,413,417,,420,421,421,423,423,426,427,429,430,430,433,433,433,433,433,434,435,,,,517,516.0,516.0,517.0,517.0
Scotland,S08000031,Greater Glasgow and Clyde,S12000011,East Renfrewshire,95170,,256,256,259,264,268,271,273,275,278,,280,281,286,287,287,287,288,290,290,291,,291,291,291,290,290,290,291,291,291,291,291,291,291,292,294,294,295,,,,361,361.0,361.0,362.0,362.0
Scotland,S08000031,Greater Glasgow and Clyde,S12000049,Glasgow City,626410,,1728,1744,1789,1796,1803,1821,1843,1864,1887,,1908,1917,1923,1933,1955,1967,1975,1981,1985,1997,,2014,2017,2018,2019,2020,2020,2024,2027,2028,2033,2036,2038,2038,2041,2045,2047,2050,,,,2460,2461.0,2464.0,2469.0,2471.0
Scotland,S08000031,Greater Glasgow and Clyde,S12000018,Inverclyde,78150,,290,294,298,299,299,303,304,306,309,,308,308,308,309,311,313,313,313,313,313,,313,313,313,312,312,312,313,314,315,315,315,315,315,315,315,315,315,,,,350,350.0,350.0,350.0,350.0
Scotland,S08000031,Greater Glasgow and Clyde,S12000038,Renfrewshire,177790,,414,423,434,451,458,475,484,488,494,,501,506,508,515,518,525,527,529,529,530,,530,530,531,531,531,532,532,533,532,533,533,533,533,533,533,533,533,,,,671,671.0,673.0,674.0,675.0
Scotland,S08000031,Greater Glasgow and Clyde,S12000039,West Dunbartonshire,89130,,293,294,300,300,303,305,314,318,322,,323,324,327,328,333,337,337,336,337,337,,340,340,341,342,342,342,343,343,343,348,349,349,349,350,350,350,351,,,,421,422.0,422.0,422.0,422.0
Scotland,S08000032,Lanarkshire,S12000050,North Lanarkshire,340180,,807,809,821,833,840,844,870,879,890,,902,908,920,937,949,955,961,966,967,970,,983,988,989,990,994,995,996,997,997,998,1001,1002,1004,1005,1006,1008,1011,,,,1341,1343.0,1346.0,1347.0,1351.0
Scotland,S08000032,Lanarkshire,S12000029,South Lanarkshire,319020,,786,789,801,825,844,850,866,879,894,,914,920,923,929,939,944,950,956,959,965,,969,974,976,974,978,980,982,984,985,986,988,992,993,993,997,998,999,,,,1313,1315.0,1325.0,1329.0,1334.0
Wales,,Aneurin Bevan,W06000019,Blaenau Gwent,69713,294,298,302,306,310,313,313,314,314,314,315,316,321,322,327,327,329,329,330,331,333,333,333,334,334,334,334,335,335,335,335,335,335,335,335,337,338,338,338,338,339.0,339,339,341.0,341.0,342.0,342.0
Wales,,Aneurin Bevan,W06000018,Caerphilly,181019,621,625,628,634,635,636,636,638,639,639,641,644,647,648,654,657,659,668,673,680,681,684,684,686,691,692,697,698,700,701,701,701,701,701,702,706,706,706,706,708,708.0,708,708,709.0,709.0,709.0,710.0
Wales,,Aneurin Bevan,W06000021,Monmouthshire,94142,276,276,277,283,286,288,288,292,292,302,304,305,308,308,332,333,333,333,333,333,337,338,339,340,340,342,342,346,347,348,348,349,349,349,350,350,350,350,350,350,350.0,350,351,351.0,351.0,353.0,354.0
Wales,,Aneurin Bevan,W06000022,Newport,153302,739,739,755,770,777,791,791,794,797,799,801,803,804,806,810,812,817,821,821,827,829,829,833,836,841,841,841,842,842,842,842,846,846,846,847,848,849,850,850,851,853.0,853,855,855.0,855.0,855.0,855.0
Wales,,Aneurin Bevan,W06000020,Torfaen,93049,308,308,309,311,311,312,314,315,317,318,320,320,321,328,329,333,340,340,341,342,342,343,343,344,346,346,346,346,346,346,346,346,346,346,346,346,347,348,348,348,350.0,350,350,350.0,350.0,350.0,350.0
Wales,,Betsi Cadwaladr,W06000001,Isle of Anglesey,69961,100,110,114,127,130,131,135,141,144,151,157,170,174,175,183,184,193,194,201,204,208,209,214,220,222,222,225,231,234,234,235,236,239,239,242,243,244,250,252,261,269.0,280,291,294.0,297.0,327.0,349.0
Wales,,Betsi Cadwaladr,W06000003,Conwy,117181,275,280,283,296,305,312,315,324,331,382,402,408,417,424,432,437,446,455,474,490,497,501,514,518,523,531,544,550,550,558,561,563,565,567,575,581,584,587,590,600,608.0,616,620,621.0,621.0,627.0,630.0
Wales,,Betsi Cadwaladr,W06000004,Denbighshire,95330,299,308,315,340,348,353,361,370,372,392,405,414,426,446,455,473,476,507,530,542,546,555,576,583,595,596,606,621,626,647,651,655,661,664,674,675,679,683,683,684,690.0,693,694,694.0,697.0,700.0,702.0
Wales,,Betsi Cadwaladr,W06000005,Flintshire,155593,285,305,308,312,317,319,358,362,364,372,382,384,402,405,409,412,421,424,428,440,444,445,447,450,452,455,456,461,462,466,468,471,472,475,475,478,485,487,487,492,494.0,495,495,498.0,500.0,508.0,511.0
Wales,,Betsi Cadwaladr,W06000002,Gwynedd,124178,253,267,277,292,303,308,313,317,318,324,333,341,348,355,368,375,380,382,387,389,395,399,406,416,420,421,427,439,442,445,451,452,456,458,460,465,469,470,476,478,484.0,485,487,488.0,492.0,510.0,519.0
Wales,,Betsi Cadwaladr,W06000006,Wrexham,136126,304,337,341,344,352,354,365,381,386,392,403,406,423,433,435,446,483,489,490,512,529,540,548,553,558,562,565,574,574,581,586,589,593,596,596,601,607,611,611,620,627.0,634,641,647.0,649.0,650.0,654.0
Wales,,Cardiff and Vale,W06000015,Cardiff,364248,1797,1802,1809,1830,1842,1850,1858,1871,1883,1890,1902,1915,1921,1930,1940,1953,1971,1981,1992,2012,2022,2028,2036,2047,2065,2072,2080,2087,2097,2108,2117,2124,2134,2140,2145,2160,2171,2174,2177,2182,2186.0,2188,2193,2194.0,2194.0,2197.0,2204.0
Wales,,Cardiff and Vale,W06000014,Vale of Glamorgan,132165,558,564,567,572,575,576,576,581,583,587,592,596,597,601,607,613,619,622,623,627,632,641,645,652,654,658,660,661,662,664,666,666,668,670,672,677,684,686,690,693,698.0,703,711,711.0,711.0,711.0,713.0
Wales,,Cwm Taf,W06000013,Bridgend,144876,432,437,438,445,448,455,458,466,472,475,480,482,484,493,496,504,506,507,509,513,513,514,514,517,520,523,523,524,525,527,528,529,530,532,532,533,538,539,542,543,543.0,544,544,547.0,548.0,548.0,550.0
Wales,,Cwm Taf,W06000024,Merthyr Tydfil,60183,293,296,300,308,310,314,314,316,320,324,326,327,335,335,350,359,365,374,377,382,384,387,390,392,396,401,402,402,402,403,404,406,406,406,406,406,418,419,422,422,422.0,424,425,426.0,426.0,426.0,426.0
Wales,,Cwm Taf,W06000016,Rhondda Cynon Taf,240131,1206,1214,1240,1268,1280,1301,1313,1336,1352,1372,1390,1401,1427,1437,1466,1489,1499,1523,1532,1549,1566,1573,1591,1608,1617,1631,1639,1649,1654,1662,1664,1671,1678,1689,1691,1698,1707,1714,1723,1730,1736.0,1744,1745,1748.0,1749.0,1753.0,1760.0
Wales,,Hywel Dda,W06000010,Carmarthenshire,187568,508,520,521,547,558,563,570,572,603,621,630,642,654,659,665,672,701,713,721,723,724,724,724,724,726,729,732,734,734,735,736,737,737,738,740,741,741,745,747,752,754.0,756,756,758.0,760.0,762.0,762.0
Wales,,Hywel Dda,W06000008,Ceredigion,72992,37,38,38,38,38,38,38,38,38,38,39,39,39,39,39,39,41,41,41,42,42,42,42,42,42,42,42,42,42,42,43,43,44,44,45,45,46,46,47,47,49.0,49,51,51.0,52.0,54.0,54.0
Wales,,Hywel Dda,W06000009,Pembrokeshire,125055,233,236,245,248,251,251,255,255,261,263,271,271,271,272,274,275,277,277,277,278,278,278,278,278,278,278,279,279,279,279,279,279,279,280,280,280,281,283,283,284,285.0,285,285,286.0,286.0,286.0,286.0
Wales,,Powys,W06000023,Powys,132447,197,198,199,204,209,216,226,227,227,232,241,244,246,249,251,253,255,266,270,272,276,281,283,284,285,285,286,286,287,287,290,292,292,295,295,296,296,296,296,296,296.0,296,296,296.0,296.0,297.0,298.0
Wales,,Swansea Bay,W06000012,Neath Port Talbot,142906,517,518,522,523,527,535,540,543,548,548,555,558,582,586,587,588,592,593,595,597,598,599,602,603,603,604,606,606,606,609,609,610,610,611,611,613,613,615,616,616,618.0,620,620,622.0,622.0,624.0,624.0
Wales,,Swansea Bay,W06000011,Swansea,246466,1137,1143,1146,1156,1164,1167,1177,1188,1202,1208,1212,1216,1218,1222,1225,1237,1245,1248,1249,1250,1257,1262,1264,1264,1265,1267,1267,1267,1268,1270,1271,1271,1271,1273,1273,1276,1278,1278,1279,1280,1280.0,1280,1280,1280.0,1280.0,1280.0,1280.0
,,,,,x,x,x,x,x,x,x,x,x,x,x,x,x,x,x,x,x,x,x,x,x,x,x,x,x,x,x,x,x,x,x,x,x,x,x,x,x,x,x,x,,,,"* Scotland data now contains pillars 1 and 2, but previous data is Pillar 1 only. Other regions are still Pillar 1 only.",,,,
