code,name,week,pop,deaths.1519,AllCause.20,COVID.20,Other.20,allexcess,excessrate_sum,othexcess_sum,excessrate_mean,othexcess_mean,COVIDrate
E06000001,Hartlepool,25,93242.0,1025.1999999999998,600.0,108.0,492.0,35.59999999999998,38.18021921451705,-72.4,0.6109875053055163,-1.0666666666666667,1.754964110983931
E06000002,Middlesbrough,25,140545.0,1466.3999999999987,967.0,205.0,762.0,166.20000000000002,118.25394001921087,-38.79999999999999,1.8089752338569431,-0.5333333333333332,2.188450372306077
E06000003,Redcar and Cleveland,25,136718.0,1563.2000000000003,929.0,133.0,796.0,64.59999999999998,47.25054491727498,-68.39999999999996,0.8533380145018699,-0.8333333333333333,1.462865167717491
E06000004,Stockton-on-Tees,25,197213.0,1904.000000000001,1039.0,149.0,890.0,3.2000000000000277,1.6226110854761187,-145.79999999999993,0.28272768913598895,-1.5636363636363633,1.075594469539088
E06000005,Darlington,25,106566.0,1147.8,703.0,90.0,613.0,76.40000000000002,71.6926599478257,-13.599999999999996,1.1516550562775436,-0.10606060606060612,1.251180801881777
E06000006,Halton,25,128432.0,1219.0000000000002,784.0,126.0,658.0,127.80000000000003,99.50791080104635,1.8,1.6091524438353877,0.15757575757575765,1.4864604686455927
E06000007,Warrington,25,209547.0,1961.999999999999,1205.0,229.0,976.0,141.8,67.66978291266385,-87.19999999999999,1.334769620643432,-0.6424242424242422,1.6413472583210171
E06000008,Blackburn with Darwen,25,148942.0,1296.6,761.0,90.0,671.0,70.4,47.266721274052976,-19.599999999999998,0.7914408822144717,-0.1696969696969697,0.9053758164150131
E06000009,Blackpool,25,139305.0,1888.0000000000007,1091.0,139.0,952.0,48.2,34.600337389182066,-90.8,0.7657059449888143,-0.9939393939393941,1.4792046664556635
E06000010,"Kingston upon Hull, City of",25,260645.0,2533.399999999999,1473.0,209.0,1264.0,61.000000000000014,23.403479828886056,-148.0,0.5266654924235159,-1.7181818181818183,1.185869320688711
E06000011,East Riding of Yorkshire,25,339614.0,3900.6000000000004,2382.0,310.0,2072.0,235.0,69.1962051034409,-75.00000000000001,1.1439011598015638,-0.6454545454545456,1.3339565007046317
E06000012,North East Lincolnshire,25,159821.0,1739.400000000001,891.0,35.0,856.0,-58.60000000000001,-36.666020109998065,-93.60000000000001,-0.5327930319014094,-1.3666666666666667,0.32233030399729384
E06000013,North Lincolnshire,25,172005.0,1779.999999999999,1032.0,100.0,932.0,24.00000000000002,13.953082759222099,-75.99999999999997,0.48272028737712863,-0.6848484848484852,0.8808764368195787
E06000014,York,25,209893.0,1842.8000000000004,1130.0,166.0,964.0,129.79999999999995,61.8410332883897,-36.2,1.240170135750264,0.1484848484848481,1.1694270197412278
E06000015,Derby,25,257174.0,2335.8000000000006,1497.0,310.0,1187.0,212.20000000000007,82.51222907447882,-97.79999999999998,1.4163267835878608,-0.9333333333333332,1.7792457930263454
E06000016,Leicester,25,355218.0,2539.2,1608.0,294.0,1314.0,224.6,63.228777820943776,-69.39999999999999,1.087680343799122,-0.3939393939393938,1.1985810847355018
E06000017,Rutland,25,39697.0,379.40000000000003,230.0,23.0,207.0,27.000000000000004,68.01521525556083,3.9999999999999964,1.3435104248012022,0.19999999999999998,0.8396940155007505
E06000018,Nottingham,25,331069.0,2370.8,1391.0,234.0,1157.0,80.40000000000003,24.284967786171467,-153.59999999999997,0.4860288668195782,-1.8454545454545452,1.0434518044714114
E06000019,"Herefordshire, County of",25,192107.0,2105.7999999999993,1238.0,125.0,1113.0,59.000000000000036,30.7120510965243,-66.0,0.7965888959293674,-0.3030303030303028,0.9543292713609255
E06000020,Telford and Wrekin,25,177799.0,1512.4,948.0,101.0,847.0,127.79999999999998,71.87891945399019,26.800000000000026,0.9459098092892436,0.18181818181818174,0.843649289366082
E06000021,Stoke-on-Trent,25,255833.0,2580.4,1474.0,195.0,1279.0,52.400000000000034,20.48211137734379,-142.59999999999994,0.5069594997399463,-1.5666666666666667,1.1193381477903026
E06000022,Bath and North East Somerset,25,192106.0,1666.4000000000005,949.0,90.0,859.0,55.19999999999999,28.7341363622167,-34.80000000000001,0.6451614938596086,-0.12424242424242418,0.7098353844421113
E06000023,"Bristol, City of",25,463405.0,3376.2000000000003,1892.0,250.0,1642.0,41.19999999999998,8.890711148994965,-208.80000000000004,0.2537213831869698,-2.5363636363636366,0.8010533360928807
E06000024,North Somerset,25,213919.0,2359.1999999999985,1363.0,145.0,1218.0,69.2,32.348692729491056,-75.80000000000001,0.5722925145697312,-0.8666666666666665,0.9774302847849377
E06000025,South Gloucestershire,25,282644.0,2270.0000000000005,1349.0,168.0,1181.0,103.4,36.58312223149973,-64.60000000000001,0.8255378969068279,-0.21212121212121235,0.90058679662563
E06000026,Plymouth,25,263100.0,2518.800000000001,1321.0,90.0,1231.0,-58.59999999999997,-22.272900038008373,-148.60000000000002,-0.19580065190099413,-1.863636363636364,0.5125370005643666
E06000027,Torbay,25,135780.0,1804.0000000000002,942.0,58.0,884.0,-57.20000000000001,-42.12697009868907,-115.20000000000003,-0.2878988738467312,-1.26969696969697,0.6472145226011784
E06000030,Swindon,25,221996.0,1735.2,1116.0,166.0,950.0,176.60000000000002,79.5509829005927,10.600000000000033,1.4278171542266376,0.6545454545454543,1.1329715468528785
E06000031,Peterborough,25,201041.0,1574.4000000000005,896.0,99.0,797.0,38.4,19.100581473430793,-60.6,0.2456908759603235,-0.9757575757575756,0.731043403931024
E06000032,Luton,25,214109.0,1472.5999999999995,971.0,210.0,761.0,160.79999999999998,75.10193406162286,-49.19999999999996,1.3502043776343322,-0.2606060606060606,1.4719209148214942
E06000033,Southend-on-Sea,25,182463.0,1960.4000000000005,1163.0,198.0,965.0,66.80000000000004,36.610162060253316,-131.19999999999993,0.9433211781085049,-1.1272727272727276,1.561130118700694
E06000034,Thurrock,25,172525.0,1244.3999999999996,803.0,145.0,658.0,122.60000000000002,71.06216490363721,-22.399999999999995,1.1891118107608478,-0.06969696969696967,1.2295099963553808
E06000035,Medway,25,277855.0,2248.0,1269.0,188.0,1081.0,30.40000000000003,10.940958413561,-157.59999999999994,0.3555375242046338,-1.8606060606060606,1.0251695483201115
E06000036,Bracknell Forest,25,121676.0,726.3999999999999,448.0,70.0,378.0,45.40000000000001,37.312206186922644,-24.599999999999998,0.5578650504519206,-0.3818181818181817,0.8716641413311262
E06000037,West Berkshire,25,158527.0,1198.8000000000006,742.0,131.0,611.0,93.59999999999998,59.04356986507033,-37.4,0.86592648112137,-0.612121212121212,1.2520570532770334
E06000038,Reading,25,163203.0,1096.0000000000005,730.0,165.0,565.0,136.2,83.45434826565689,-28.800000000000008,1.3740092047476102,-0.2575757575757576,1.5318345863740266
E06000039,Slough,25,149112.0,826.8000000000001,523.0,107.0,416.0,75.79999999999997,50.83427222490477,-31.19999999999998,0.9449882699520556,-0.21212121212121202,1.087244568654516
E06000040,Windsor and Maidenhead,25,150906.0,1257.1999999999998,822.0,129.0,693.0,147.19999999999996,97.54416656726704,18.2,1.5120791630671953,0.3424242424242426,1.2851668849442308
E06000041,Wokingham,25,167979.0,1175.200000000001,744.0,149.0,595.0,109.4,65.12718851761238,-39.599999999999994,1.217684678117233,-0.19696969696969696,1.3349432026766712
E06000042,Milton Keynes,25,268607.0,1776.7999999999993,1145.0,196.0,949.0,187.20000000000005,69.6928970577832,-8.799999999999995,1.2466111637019301,0.3939393939393938,1.0999510267958226
E06000043,Brighton and Hove,25,290395.0,2156.0,1169.0,158.0,1011.0,-13.000000000000046,-4.4766610995368765,-171.00000000000006,0.11791671427684422,-1.9757575757575763,0.7982857205467784
E06000044,Portsmouth,25,215133.0,1751.5999999999997,898.0,104.0,794.0,-76.60000000000004,-35.605881013140674,-180.60000000000002,-0.06902002411756794,-1.7242424242424237,0.7324573987986855
E06000045,Southampton,25,252796.0,1870.4000000000005,1055.0,165.0,890.0,39.19999999999998,15.506574471115059,-125.8,0.356018291428662,-1.5696969696969696,0.9769525505533991
E06000046,Isle of Wight,25,141538.0,1786.9999999999998,911.0,80.0,831.0,-59.00000000000003,-41.684918537777854,-139.00000000000009,-0.26334077966855046,-1.5696969696969703,0.8456878696672957
E06000047,County Durham,25,526980.0,5626.8,3534.0,703.0,2831.0,471.00000000000006,89.37720596607075,-232.00000000000006,1.58478787648775,-2.0575757575757567,1.9752345267545088
E06000049,Cheshire East,25,380790.0,3973.1999999999975,2608.0,541.0,2067.0,446.7999999999999,117.33501404973877,-94.2,2.032457243991161,-0.0787878787878785,2.053147881557242
E06000050,Cheshire West and Chester,25,340502.0,3440.3999999999996,2142.0,396.0,1746.0,250.2,73.47974461236647,-145.8,1.2770805600216302,-1.3939393939393938,1.6864583005163671
E06000051,Shropshire,25,320274.0,3512.0000000000005,2075.0,252.0,1823.0,180.00000000000003,56.20187714269655,-71.99999999999999,1.0048214398239688,-0.49393939393939396,1.1590454461246338
E06000052,Cornwall,25,568210.0,6319.600000000003,3413.0,207.0,3206.0,-36.40000000000004,-6.406082258320011,-243.4,-0.11839412765126879,-3.778787878787878,0.5466395533448206
E06000054,Wiltshire,25,498064.0,4658.400000000001,2883.0,362.0,2521.0,348.2000000000001,69.91069420797335,-13.800000000000008,1.2545546051280263,0.8242424242424241,1.0890653458676849
E06000055,Bedford,25,171623.0,1481.6,934.0,167.0,767.0,124.40000000000003,72.48445721144597,-42.599999999999994,1.2342062650005055,-0.23030303030302998,1.368397504113579
E06000056,Central Bedfordshire,25,283606.0,2113.400000000001,1441.0,270.0,1171.0,296.20000000000005,104.44066768686129,26.199999999999985,1.515119460437965,0.2969696969696971,1.4104073961763852
E06000057,Northumberland,25,320274.0,3644.200000000001,2076.0,275.0,1801.0,81.60000000000007,25.478184304689076,-193.40000000000003,0.6339268970640857,-2.0757575757575757,1.2820461873460247
E06000058,"Bournemouth, Christchurch and Poole",25,395784.0,4354.000000000001,2338.0,186.0,2152.0,-56.000000000000014,-14.14913184969577,-242.00000000000006,0.016844204582971766,-2.721212121212122,0.7043940098333404
E06000059,Dorset,25,376484.0,4565.2000000000035,2586.0,161.0,2425.0,74.4,19.76179598601803,-86.6,0.490181400923956,-0.593939393939394,0.6479409322558037
E06000060,Buckinghamshire,25,540059.0,4274.999999999999,2676.0,391.0,2285.0,345.1999999999999,63.91894218964965,-45.800000000000004,1.0593679803895724,-0.09696969696969675,1.0773233698877005
E07000008,Cambridge,25,125758.0,837.2000000000002,460.0,82.0,378.0,6.200000000000004,4.930103850252092,-75.80000000000001,0.2409630425343148,-0.9393939393939393,0.9879484743906891
E07000009,East Cambridgeshire,25,89362.0,741.7999999999997,452.0,50.0,402.0,41.599999999999994,46.55222577829499,-8.400000000000006,0.9291455319968552,0.07272727272727277,0.8477605218949413
E07000010,Fenland,25,101491.0,1158.4,693.0,79.0,614.0,66.4,65.42452040082367,-12.6,1.0599536665887368,-0.10606060606060609,1.164456140759459
E07000011,Huntingdonshire,25,177352.0,1472.7999999999993,918.0,128.0,790.0,107.40000000000002,60.557535297036395,-20.6,0.9448766158586178,-0.23333333333333325,1.0764417142693112
E07000012,South Cambridgeshire,25,157519.0,1196.6000000000001,669.0,61.0,608.0,16.000000000000004,10.157504808943658,-45.000000000000014,0.29818432677770246,-0.45454545454545425,0.586749804304512
E07000026,Allerdale,25,97527.0,1131.5999999999995,688.0,68.0,620.0,71.39999999999996,73.21049555507707,3.3999999999999972,1.0812856486362286,0.05454545454545453,1.02535708060332
E07000027,Barrow-in-Furness,25,67137.0,771.0000000000003,469.0,77.0,392.0,46.4,69.112411933807,-30.600000000000012,1.2096477532824106,-0.3393939393939396,1.7151721874899843
E07000028,Carlisle,25,108387.0,1182.1999999999998,742.0,128.0,614.0,108.99999999999999,100.56556598116009,-18.999999999999986,1.2832803665652623,-0.4878787878787877,1.7334070310903322
E07000029,Copeland,25,68424.0,769.4000000000001,448.0,62.0,386.0,26.59999999999999,38.87524845083594,-35.400000000000006,0.518159497465004,-0.5545454545454548,1.3286140960641135
E07000030,Eden,25,52881.0,547.4000000000001,290.0,41.0,249.0,-1.8,-3.403869064503308,-42.800000000000004,0.5615810914500425,-0.30909090909090914,1.1460838601021277
E07000031,South Lakeland,25,104532.0,1213.0000000000007,875.0,150.0,725.0,214.6,205.29598591818777,64.6,3.11344416498819,0.9818181818181818,2.174192852645384
E07000032,Amber Valley,25,126678.0,1303.4000000000003,778.0,101.0,677.0,65.20000000000002,51.469079082397855,-35.79999999999999,0.8563827064277019,-0.36969696969696964,1.1482226231432877
E07000033,Bolsover,25,79530.0,870.8000000000003,465.0,55.0,410.0,-14.2,-17.854897522947272,-69.20000000000002,0.0038102640894045773,-0.8151515151515152,1.0287713041390893
E07000034,Chesterfield,25,104628.0,1201.0000000000007,701.0,85.0,616.0,46.39999999999999,44.34759337844548,-38.599999999999994,0.7675099428740894,-0.48484848484848475,1.230912172533918
E07000035,Derbyshire Dales,25,71977.0,806.3999999999997,476.0,78.0,398.0,22.999999999999996,31.954652180557783,-55.000000000000014,0.7409774418680055,-0.6030303030303028,1.5787871630710322
E07000036,Erewash,25,115490.0,1153.5999999999997,720.0,101.0,619.0,80.60000000000001,69.78959217248244,-20.4,1.301437616270069,0.06363636363636353,1.2463364268715393
E07000037,High Peak,25,92221.0,890.0,537.0,103.0,434.0,57.999999999999986,62.89239977879228,-45.000000000000014,0.9003405192993256,-0.7000000000000002,1.6593867235261255
E07000038,North East Derbyshire,25,101125.0,1178.3999999999999,702.0,140.0,562.0,64.00000000000001,63.28800988875152,-75.99999999999997,1.5342547851818567,-0.5393939393939395,2.067648050342735
E07000039,South Derbyshire,25,104493.0,884.3999999999999,554.0,110.0,444.0,70.00000000000001,66.99013331036531,-40.000000000000014,1.0179020256250306,-0.6030303030303031,1.5950031740563178
E07000040,East Devon,25,144317.0,1898.399999999999,967.0,49.0,918.0,-73.99999999999997,-51.27601044921944,-123.0,-0.4724448137213093,-1.3939393939393943,0.4934423609978119
E07000041,Exeter,25,130428.0,1094.1999999999994,548.0,39.0,509.0,-53.6,-41.09547029778881,-92.60000000000001,-0.33920955808893977,-1.0333333333333334,0.4530538618311182
E07000042,Mid Devon,25,81695.0,803.6000000000004,432.0,17.0,415.0,-9.399999999999997,-11.50621213048531,-26.399999999999995,-0.18546441216127185,-0.409090909090909,0.31528950067416345
E07000043,North Devon,25,96110.0,1140.1999999999996,590.0,26.0,564.0,-47.60000000000002,-49.526584122359814,-73.60000000000001,-0.4729429347054986,-0.8484848484848487,0.4098838767447656
E07000044,South Hams,25,86221.0,944.0000000000001,468.0,12.0,456.0,-46.39999999999999,-53.815195833961546,-58.39999999999999,-0.39363257140828695,-0.5212121212121212,0.21087459182586865
E07000045,Teignbridge,25,132844.0,1554.2000000000005,853.0,33.0,820.0,-21.20000000000001,-15.958567944355737,-54.200000000000024,0.027373186868535262,-0.4636363636363637,0.37638131944235315
E07000046,Torridge,25,68143.0,834.5999999999997,434.0,20.0,414.0,-21.399999999999984,-31.404546321705837,-41.39999999999999,-0.3468641479882548,-0.5393939393939393,0.44469762562596715
E07000047,West Devon,25,55528.0,653.1999999999999,355.0,15.0,340.0,-18.599999999999998,-33.49661432070312,-33.599999999999994,0.26740536033145107,-0.07878787878787881,0.40929391887467054
E07000061,Eastbourne,25,103160.0,1316.6000000000004,698.0,68.0,630.0,-36.599999999999994,-35.47886777820862,-104.59999999999997,-0.1409989777574113,-1.1606060606060604,0.9840553655985993
E07000062,Hastings,25,92855.0,1009.0000000000001,521.0,10.0,511.0,-35.0,-37.693177534866194,-45.0,-0.283922635976914,-0.39999999999999997,0.14685653585012848
E07000063,Lewes,25,102744.0,1124.9999999999998,746.0,113.0,633.0,122.39999999999999,119.1310441485634,9.399999999999999,1.6752434411859778,0.05454545454545457,1.6221547405850145
E07000064,Rother,25,95656.0,1362.3999999999996,743.0,54.0,689.0,-13.400000000000015,-14.0085305678682,-67.40000000000002,-0.15206003330114704,-0.9333333333333335,0.8236585137145482
E07000065,Wealden,25,160175.0,1778.1999999999994,1003.0,113.0,890.0,48.599999999999994,30.34181364132981,-64.39999999999999,0.47485941039866475,-0.9060606060606056,1.0405285885229694
E07000066,Basildon,25,185862.0,1596.7999999999995,1029.0,205.0,824.0,134.99999999999997,72.63453530038421,-70.0,1.2961718420607282,-0.5757575757575757,1.6059487602890783
E07000067,Braintree,25,151561.0,1509.8000000000009,862.0,117.0,745.0,27.400000000000013,18.07852943699237,-89.59999999999998,0.4678584260402804,-1.0333333333333337,1.1496521152699204
E07000068,Brentwood,25,76550.0,764.9999999999998,475.0,86.0,389.0,54.59999999999998,71.3259307642065,-31.399999999999995,1.175702155453954,-0.3575757575757577,1.6428161431427275
E07000069,Castle Point,25,90070.0,1055.1999999999996,628.0,92.0,536.0,43.4,48.18474519817915,-48.6,0.9016556146566138,-0.4606060606060606,1.4130423811782729
E07000070,Chelmsford,25,177079.0,1500.6,941.0,149.0,792.0,122.00000000000003,68.89580356789902,-27.0,1.1345732182194999,-0.17272727272727278,1.2321157120935753
E07000071,Colchester,25,192523.0,1587.1999999999994,869.0,109.0,760.0,-1.9999999999999907,-1.0388369181863952,-110.99999999999997,0.218785350951378,-1.2151515151515149,0.8499574785161443
E07000072,Epping Forest,25,131137.0,1276.0,876.0,183.0,693.0,155.60000000000002,118.65453685840004,-27.399999999999995,1.9433758958073235,-0.20909090909090916,2.102820529351561
E07000073,Harlow,25,86594.0,738.1999999999997,458.0,74.0,384.0,47.600000000000016,54.96916645495055,-26.400000000000002,0.9798425393039321,-0.22727272727272727,1.242300362331772
E07000074,Maldon,25,64425.0,676.1999999999997,418.0,34.0,384.0,35.79999999999999,55.56849049282109,1.799999999999994,1.1947178419821027,0.25454545454545446,0.7996143036888085
E07000075,Rochford,25,86981.0,839.1999999999996,534.0,89.0,445.0,66.59999999999997,76.56844598245587,-22.40000000000001,0.9929023161798131,-0.4242424242424244,1.480643804829546
E07000076,Tendring,25,145803.0,2193.2000000000003,1300.0,169.0,1131.0,57.199999999999996,39.23101719443362,-111.80000000000003,0.9518863040395524,-1.1272727272727276,1.7250341317747344
E07000077,Uttlesford,25,89179.0,717.7999999999994,448.0,62.0,386.0,49.99999999999997,56.067011291896144,-12.0,0.9004701813546951,-0.13636363636363635,1.0533802121507743
E07000078,Cheltenham,25,117090.0,1158.0000000000002,711.0,133.0,578.0,74.79999999999998,63.88248355965486,-58.199999999999996,0.8747479923498359,-0.990909090909091,1.7210278547711269
E07000079,Cotswold,25,89022.0,920.2000000000002,566.0,58.0,508.0,56.60000000000001,63.579789265574775,-1.4,0.8918462783799441,-0.08484848484848488,0.9871580943900139
E07000080,Forest of Dean,25,86543.0,921.8,529.0,48.0,481.0,18.6,21.492206186520015,-29.40000000000001,0.7668284709755425,-0.048484848484848436,0.8228524688550338
E07000081,Gloucester,25,129285.0,1139.3999999999999,753.0,144.0,609.0,127.39999999999998,98.54198089492208,-16.6,1.6266622601464231,-0.07878787878787873,1.6876034975582486
E07000082,Stroud,25,119019.0,1248.1999999999996,696.0,92.0,604.0,28.400000000000013,23.861736361421332,-63.59999999999999,0.42010099227854475,-0.893939393939394,1.171190645140183
E07000083,Tewkesbury,25,92599.0,858.9999999999999,528.0,104.0,424.0,60.0,64.79551615028232,-44.0,1.0701077667243595,-0.5848484848484847,1.7017004241488307
E07000084,Basingstoke and Deane,25,175729.0,1374.1999999999996,872.0,117.0,755.0,127.60000000000001,72.61180567806103,10.60000000000001,1.186399788793246,0.32727272727272744,1.0001626126454701
E07000085,East Hampshire,25,120681.0,1182.8,674.0,82.0,592.0,33.999999999999986,28.173449010200475,-48.00000000000003,0.6051516231246267,-0.5121212121212122,1.029511060087539
E07000086,Eastleigh,25,131819.0,1073.2000000000005,632.0,99.0,533.0,41.199999999999996,31.25497841737529,-57.80000000000002,0.977005430081238,-0.2121212121212121,1.1379239715063834
E07000087,Fareham,25,116339.0,1173.3999999999996,727.0,98.0,629.0,85.79999999999998,73.74998925553771,-12.2,1.307568503435754,0.03636363636363642,1.2763118858237443
E07000088,Gosport,25,85283.0,840.6000000000003,503.0,56.0,447.0,48.39999999999999,56.75222494518247,-7.599999999999999,0.7817110873992071,-0.18181818181818185,0.9949050203262639
E07000089,Hart,25,96293.0,715.9999999999995,400.0,48.0,352.0,5.399999999999997,5.607884269884649,-42.599999999999994,0.40281099132729103,-0.33939393939393936,0.7552706087386696
E07000090,Havant,25,125813.0,1347.0000000000002,808.0,109.0,699.0,63.20000000000001,50.23328272912975,-45.80000000000001,1.0332795498080485,-0.33636363636363636,1.300631601156984
E07000091,New Forest,25,179753.0,2184.4000000000015,1294.0,130.0,1164.0,96.19999999999999,53.51788287260856,-33.800000000000004,1.220530057322768,0.2393939393939394,1.087350672614897
E07000092,Rushmoor,25,95142.0,682.1999999999998,439.0,83.0,356.0,59.79999999999998,62.853419099871815,-23.199999999999996,0.8344783522938285,-0.4636363636363636,1.3217882297783925
E07000093,Test Valley,25,125169.0,1128.3999999999999,742.0,116.0,626.0,128.2000000000001,102.42152609671732,12.199999999999996,1.566367120138422,0.21818181818181812,1.3920573324259533
E07000094,Winchester,25,124295.0,1112.8000000000004,633.0,109.0,524.0,14.200000000000001,11.424433806669665,-94.79999999999997,0.4193347449311094,-1.0999999999999999,1.304326096151994
E07000095,Broxbourne,25,96876.0,766.1999999999996,525.0,74.0,451.0,111.40000000000003,114.99236136917277,37.39999999999998,1.7829727974655478,0.6060606060606057,1.1573683071267618
E07000096,Dacorum,25,154280.0,1248.2000000000005,795.0,121.0,674.0,131.39999999999992,85.16982110448538,10.399999999999988,1.5418640645500903,0.5909090909090913,1.1588532459675847
E07000098,Hertsmere,25,104205.0,931.6000000000005,701.0,179.0,522.0,195.40000000000003,187.51499448203063,16.399999999999995,3.123214293503627,0.5727272727272725,2.5735983703451693
E07000099,North Hertfordshire,25,133214.0,1251.6000000000001,738.0,96.0,642.0,48.40000000000002,36.33251760325492,-47.59999999999998,0.7051765875913484,-0.5151515151515151,1.0918863291737013
E07000102,Three Rivers,25,93045.0,806.7999999999998,472.0,87.0,385.0,33.80000000000001,36.32650867859636,-53.19999999999998,0.8532853930242289,-0.5242424242424242,1.4167142975783973
E07000103,Watford,25,96767.0,734.0,480.0,122.0,358.0,79.59999999999998,82.25944795229773,-42.4,1.575167592508214,-0.27878787878787875,1.8632698161876473
E07000105,Ashford,25,129281.0,1112.6000000000001,705.0,152.0,553.0,93.79999999999998,72.55513184458655,-58.19999999999998,1.0172813601004904,-0.6848484848484847,1.5470177365583497
E07000106,Canterbury,25,164553.0,1655.0,926.0,126.0,800.0,0.8000000000000056,0.48616555152447827,-125.2,0.23755816722216666,-1.4424242424242426,1.1141293889101582
E07000107,Dartford,25,109709.0,900.2000000000004,570.0,113.0,457.0,70.19999999999997,63.98745772908331,-42.800000000000004,1.085516312161346,-0.49090909090909113,1.5329810515255642
E07000108,Dover,25,116969.0,1301.2,776.0,121.0,655.0,52.4,44.79819439338638,-68.60000000000002,1.119177653131096,-0.40303030303030307,1.4637392917108052
E07000109,Gravesham,25,106385.0,896.9999999999995,614.0,91.0,523.0,121.79999999999998,114.48982469333075,30.800000000000015,1.6777256989692937,0.48181818181818203,1.2248252131694344
E07000110,Maidstone,25,169955.0,1520.2000000000007,872.0,115.0,757.0,28.599999999999977,16.827983878085384,-86.4,0.6097870826769655,-0.6757575757575759,1.0073967886329986
E07000111,Sevenoaks,25,120293.0,1090.4,676.0,98.0,578.0,76.40000000000002,63.51159252824354,-21.599999999999998,1.047946314919456,-0.19393939393939397,1.2091688249070651
E07000112,Folkestone and Hythe,25,112578.0,1320.599999999999,752.0,128.0,624.0,13.200000000000001,11.725203858658011,-114.80000000000004,0.47912908329686055,-1.2181818181818183,1.5612071253493198
E07000113,Swale,25,148519.0,1333.9999999999998,821.0,121.0,700.0,76.40000000000002,51.44122974164919,-44.6,0.8610264537115647,-0.5090909090909093,1.2038047575588222
E07000114,Thanet,25,141819.0,1736.1999999999998,1065.0,146.0,919.0,109.99999999999999,77.56365508147717,-35.999999999999986,1.3440093401170559,-0.23030303030303026,1.5064015656319922
E07000115,Tonbridge and Malling,25,130508.0,1058.8000000000002,595.0,74.0,521.0,17.39999999999999,13.332516014343934,-56.600000000000016,0.5479752315195349,-0.37575757575757573,0.8358944209620038
E07000116,Tunbridge Wells,25,118054.0,1064.2000000000003,613.0,76.0,537.0,21.599999999999994,18.29671167431853,-54.400000000000006,0.3131592065469783,-0.7060606060606062,0.911241953476863
E07000117,Burnley,25,88527.0,933.1999999999999,556.0,62.0,494.0,44.0,49.70235069526817,-18.000000000000007,1.2322896866595408,0.16666666666666663,1.04402320675322
E07000118,Chorley,25,116821.0,1103.1999999999996,759.0,112.0,647.0,161.99999999999997,138.6736973660558,49.99999999999999,1.9791999829835494,0.6151515151515152,1.45262384072187
E07000119,Fylde,25,79770.0,1078.5999999999997,647.0,93.0,554.0,51.600000000000016,64.68597216998867,-41.399999999999984,1.0826580965731016,-0.4696969696969697,1.6714721490953166
E07000120,Hyndburn,25,80815.0,839.3999999999997,491.0,61.0,430.0,29.600000000000012,36.626863824784934,-31.4,0.45371115098269593,-0.49696969696969695,1.068658496116271
E07000121,Lancaster,25,144246.0,1490.3999999999994,801.0,69.0,732.0,2.000000000000007,1.3865202501283034,-67.0,0.3634363685942244,-0.5060606060606061,0.7142680076418274
E07000122,Pendle,25,91405.0,879.5999999999998,552.0,76.0,476.0,77.80000000000001,85.11569388983101,1.799999999999999,1.5548516177584608,0.2999999999999998,1.226642001216697
E07000123,Preston,25,141818.0,1232.4,816.0,130.0,686.0,133.00000000000006,93.78217151560447,2.999999999999997,1.3333350427372341,-0.033333333333333395,1.3568393463752313
E07000124,Ribble Valley,25,60057.0,599.3999999999999,383.0,27.0,356.0,57.20000000000001,95.2428526233411,30.2,1.1151022690060592,0.3212121212121212,0.5802568368131087
E07000125,Rossendale,25,70895.0,670.5999999999999,420.0,52.0,368.0,62.20000000000002,87.73538331335071,10.200000000000005,1.2566599773031815,0.10303030303030304,1.1113319527171006
E07000126,South Ribble,25,110527.0,1031.0000000000005,614.0,90.0,524.0,59.39999999999999,53.74252445103914,-30.60000000000001,0.7210633573422758,-0.5363636363636365,1.2063417385193957
E07000127,West Lancashire,25,113949.0,1218.4000000000003,792.0,117.0,675.0,134.80000000000004,118.29853706482716,17.8,1.7179402693974994,0.24545454545454545,1.5025328981572557
E07000128,Wyre,25,111223.0,1510.8,876.0,115.0,761.0,54.60000000000004,49.09056580023913,-60.399999999999984,1.1252305292207105,-0.46060606060606046,1.5393589564399555
E07000129,Blaby,25,100421.0,849.4000000000002,524.0,80.0,444.0,58.599999999999994,58.35432827794981,-21.4,0.8419101039170543,-0.27575757575757565,1.1165116073451984
E07000130,Charnwood,25,182643.0,1481.3999999999994,899.0,119.0,780.0,103.80000000000001,56.832180811747534,-15.200000000000003,0.7781366497550531,-0.32121212121212117,0.9540054874395636
E07000131,Harborough,25,92499.0,812.8000000000001,544.0,57.0,487.0,100.39999999999999,108.54171396447532,43.39999999999999,1.8378577065698014,0.8363636363636364,0.9336710274017701
E07000132,Hinckley and Bosworth,25,112423.0,1044.9999999999995,680.0,101.0,579.0,112.79999999999997,100.33534063314445,11.800000000000008,1.385460054949394,0.1636363636363637,1.2399058857523766
E07000133,Melton,25,51100.0,476.1999999999999,286.0,28.0,258.0,22.8,44.618395303326864,-5.1999999999999975,0.8361501512186449,0.003030303030302979,0.8302200083021993
E07000134,North West Leicestershire,25,102126.0,906.8000000000002,567.0,65.0,502.0,73.0,71.48032822200025,7.99999999999999,0.8248871417897913,-0.12727272727272726,0.9495103790386091
E07000135,Oadby and Wigston,25,57056.0,590.6000000000003,382.0,64.0,318.0,58.0,101.65451486259106,-6.000000000000001,1.465864477642379,-0.10303030303030301,1.6464419857577446
E07000136,Boston,25,69366.0,764.8000000000001,427.0,35.0,392.0,7.800000000000007,11.244702015396538,-27.200000000000017,0.37132854363197704,-0.27272727272727265,0.7644999427717184
E07000137,East Lindsey,25,140741.0,1981.0000000000011,1085.0,51.0,1034.0,9.199999999999982,6.536830063734086,-41.800000000000026,0.2648320480366579,-0.36969696969697,0.527510989991717
E07000138,Lincoln,25,99039.0,914.6000000000003,498.0,27.0,471.0,1.999999999999993,2.019406496430701,-25.000000000000007,0.3763439379711759,-0.03636363636363649,0.41306041972446134
E07000139,North Kesteven,25,115985.0,1203.9999999999998,694.0,43.0,651.0,27.6,23.79618054058714,-15.399999999999995,0.5225336087085451,-0.04545454545454533,0.5617236293616861
E07000140,South Holland,25,93980.0,1084.4000000000005,624.0,56.0,568.0,41.80000000000002,44.47754841455626,-14.19999999999998,0.8609181837528294,-0.024242424242424256,0.8867134851386822
E07000141,South Kesteven,25,141853.0,1431.2000000000005,785.0,69.0,716.0,1.0000000000000027,0.7049551296060192,-67.99999999999997,0.0683592852951275,-0.903030303030303,0.7049551296059999
E07000142,West Lindsey,25,94869.0,1010.9999999999998,543.0,23.0,520.0,-14.0,-14.75719149564137,-36.999999999999986,0.01277678917371553,-0.3363636363636363,0.3673326887443197
E07000143,Breckland,25,139329.0,1614.8,913.0,91.0,822.0,18.00000000000001,12.919062076093269,-72.99999999999999,0.5154575272784694,-0.6454545454545454,0.9787168239464598
E07000144,Broadland,25,129464.0,1467.2,816.0,71.0,745.0,7.799999999999998,6.024840882407454,-63.19999999999999,0.20363681304174427,-0.7969696969696968,0.8192285582139132
E07000145,Great Yarmouth,25,99370.0,1171.0000000000005,622.0,49.0,573.0,-19.999999999999993,-20.126798832645648,-69.00000000000001,-0.10978253908715785,-0.8212121212121212,0.7166360190411705
E07000146,King's Lynn and West Norfolk,25,151811.0,1792.8000000000004,1090.0,142.0,948.0,114.00000000000001,75.09337268050398,-28.00000000000002,1.2415756992895663,-0.23636363636363666,1.3972716873033713
E07000147,North Norfolk,25,104552.0,1418.000000000001,823.0,53.0,770.0,37.999999999999986,36.34555053944448,-15.000000000000005,0.5332999441194405,-0.2454545454545455,0.7680678543024547
E07000148,Norwich,25,141137.0,1128.0,632.0,25.0,607.0,9.400000000000007,6.66019541296752,-15.6,0.1438533503123225,-0.16060606060606064,0.2576477916041601
E07000149,South Norfolk,25,138017.0,1363.4,754.0,57.0,697.0,10.600000000000016,7.680213307056439,-46.39999999999999,0.21956012884666712,-0.5454545454545455,0.6147683607706654
E07000150,Corby,25,70827.0,580.6000000000003,335.0,50.0,285.0,22.80000000000001,32.19111355838873,-27.199999999999992,0.8514130247367563,-0.12424242424242424,1.0268297785769935
E07000151,Daventry,25,84484.0,716.7999999999997,468.0,75.0,393.0,62.200000000000024,73.62340798257654,-12.799999999999999,1.1513745475205626,-0.1333333333333333,1.309195357772604
E07000152,East Northamptonshire,25,93906.0,876.6000000000007,532.0,96.0,436.0,54.199999999999996,57.71729175984496,-41.8,1.2262423609941346,-0.2727272727272727,1.516668183334849
E07000153,Kettering,25,101266.0,899.9999999999998,569.0,100.0,469.0,74.00000000000001,73.07487211897387,-26.000000000000004,1.4034445136690714,-0.01818181818181816,1.4213990277032171
E07000154,Northampton,25,225146.0,1793.6000000000008,1253.0,269.0,984.0,268.2000000000001,119.12270260186718,-0.800000000000006,1.721441898038417,-0.003030303030303023,1.7227878260275027
E07000155,South Northamptonshire,25,92515.0,759.6,424.0,56.0,368.0,1.1999999999999957,1.2970869588715335,-54.800000000000004,0.20307927133847276,-0.6454545454545456,0.9007548325496765
E07000156,Wellingborough,25,79478.0,733.6000000000001,467.0,66.0,401.0,75.19999999999999,94.61737839402095,9.199999999999996,1.5670431382955594,0.2454545454545454,1.2582098190694297
E07000163,Craven,25,56832.0,642.8000000000002,418.0,66.0,352.0,69.2,121.7623873873874,3.199999999999996,2.1914670352170353,0.27575757575757587,1.7062517062517069
E07000164,Hambleton,25,91134.0,936.7999999999994,576.0,71.0,505.0,73.0,80.1018280773366,1.9999999999999987,1.383244519724867,0.20000000000000004,1.1637874564992874
E07000165,Harrogate,25,160533.0,1642.6000000000006,1095.0,197.0,898.0,200.40000000000003,124.83414625030368,3.3999999999999932,1.770616784352278,0.03939393939393929,1.7460773193239416
E07000166,Richmondshire,25,53244.0,480.80000000000007,323.0,50.0,273.0,63.80000000000001,119.82570806100209,13.799999999999995,1.508208066693529,0.07575757575757577,1.3659242868167805
E07000167,Ryedale,25,54920.0,587.8,334.0,31.0,303.0,11.799999999999997,21.485797523670758,-19.199999999999992,0.3586483921516688,-0.2575757575757575,0.8276501357346229
E07000168,Scarborough,25,108736.0,1399.7999999999997,813.0,81.0,732.0,65.99999999999997,60.697469099470304,-14.999999999999993,0.8026111616458885,-0.3393939393939394,1.1147377245081789
E07000169,Selby,25,89106.0,795.8000000000001,440.0,45.0,395.0,5.400000000000006,6.06019796646689,-39.6,0.43530041509975453,-0.2787878787878788,0.7481725884527052
E07000170,Ashfield,25,127151.0,1271.1999999999998,745.0,140.0,605.0,43.19999999999996,33.97535214036848,-96.79999999999998,0.8341311201689802,-1.06060606060606,1.668262240337961
E07000171,Bassetlaw,25,116839.0,1238.8000000000002,695.0,69.0,626.0,7.800000000000002,6.675853096996718,-61.20000000000004,0.2671378667407388,-0.6878787878787884,0.8558786021790663
E07000172,Broxtowe,25,113272.0,1141.9999999999998,640.0,99.0,541.0,1.7999999999999896,1.5890952750900746,-97.20000000000006,0.366508506207637,-1.0696969696969703,1.3108698397207472
E07000173,Gedling,25,117786.0,1183.8000000000004,708.0,119.0,589.0,44.800000000000026,38.03508056984707,-74.2,0.8181247038157035,-0.8090909090909094,1.5050407287175638
E07000174,Mansfield,25,108841.0,1146.6000000000004,658.0,73.0,585.0,35.19999999999999,32.34075394382634,-37.800000000000004,0.3480194768404179,-0.6666666666666666,0.9605337560795516
E07000175,Newark and Sherwood,25,121566.0,1236.8000000000002,686.0,76.0,610.0,-0.5999999999999799,-0.49355905434089675,-76.59999999999995,0.378893819493987,-0.6909090909090906,0.9472345487349692
E07000176,Rushcliffe,25,117671.0,1078.9999999999993,602.0,86.0,516.0,15.000000000000005,12.747405902898777,-71.0,0.35280699165598606,-0.8272727272727273,1.0558457414522202
E07000177,Cherwell,25,149161.0,1226.4,792.0,114.0,678.0,112.59999999999998,75.48890125434936,-1.3999999999999884,1.3144227114366767,0.2333333333333334,1.1579921878190196
E07000178,Oxford,25,154327.0,918.8000000000003,553.0,75.0,478.0,57.60000000000001,37.32334588244449,-17.39999999999999,0.6793917127170552,-0.057575757575757565,0.7166993501205924
E07000179,South Oxfordshire,25,140504.0,1220.3999999999999,724.0,116.0,608.0,60.599999999999994,43.13044468484885,-55.39999999999998,0.6534915861340734,-0.8242424242424239,1.240124297119116
E07000180,Vale of White Horse,25,133732.0,1066.7999999999997,682.0,121.0,561.0,89.2,66.70056530972396,-31.800000000000008,1.2621353063431253,-0.14545454545454553,1.3709010059920832
E07000181,West Oxfordshire,25,109800.0,1042.3999999999999,659.0,119.0,540.0,90.00000000000001,81.967213114754,-28.999999999999993,1.2502069879119044,-0.4151515151515151,1.6283049069934317
E07000187,Mendip,25,114881.0,1168.4000000000003,652.0,28.0,624.0,17.000000000000004,14.797921327286506,-11.000000000000009,0.27696644195456005,-0.10606060606060613,0.36928858927274644
E07000188,Sedgemoor,25,122791.0,1271.5999999999992,816.0,68.0,748.0,130.99999999999994,106.68534338835903,62.99999999999997,1.734901605413287,1.1151515151515143,0.8267312059935303
E07000189,South Somerset,25,167861.0,1847.4000000000015,1006.0,57.0,949.0,6.8000000000000025,4.050970743650941,-50.199999999999996,0.2581500964091314,-0.41515151515151527,0.5054687202416575
E07000192,Cannock Chase,25,100109.0,941.7999999999997,518.0,77.0,441.0,-2.000000000000005,-1.9978223736127314,-78.99999999999999,0.32691638840936177,-0.8393939393939391,1.1653963846074442
E07000193,East Staffordshire,25,118574.0,1120.0000000000002,752.0,153.0,599.0,147.60000000000005,124.47922816131721,-5.4,2.0751649270548875,0.17272727272727267,1.929494482668029
E07000194,Lichfield,25,103965.0,1077.0,702.0,116.0,586.0,110.80000000000005,106.57432789881219,-5.2,1.9149801288020891,0.2939393939393939,1.6322509469241548
E07000195,Newcastle-under-Lyme,25,129490.0,1295.5999999999995,803.0,138.0,665.0,91.80000000000005,70.89350528998389,-46.199999999999974,1.3222034227517303,-0.31818181818181823,1.5679226429091282
E07000196,South Staffordshire,25,112126.0,1201.4000000000003,790.0,101.0,689.0,131.00000000000003,116.83284875943144,29.999999999999996,1.7161429322747854,0.4393939393939391,1.3242677745112508
E07000197,Stafford,25,135880.0,1302.5999999999995,816.0,120.0,696.0,96.99999999999999,71.38651751545476,-22.99999999999998,1.0548523206751046,-0.30909090909090897,1.2823257598058888
E07000198,Staffordshire Moorlands,25,98397.0,1111.2,629.0,76.0,553.0,18.399999999999995,18.699757106415927,-57.60000000000001,0.8992636816655847,-0.16060606060606072,1.0624861992281738
E07000199,Tamworth,25,76678.0,643.5999999999999,402.0,67.0,335.0,51.00000000000001,66.51190693549651,-15.999999999999998,1.1539796093383827,-0.08484848484848484,1.2646351883160358
E07000200,Babergh,25,91401.0,1002.0,595.0,59.0,536.0,34.59999999999999,37.8551656984059,-24.400000000000006,0.7028634724174155,-0.2515151515151515,0.9780411526563098
E07000202,Ipswich,25,137532.0,1201.2000000000005,695.0,125.0,570.0,41.399999999999984,30.102085332867976,-83.6,0.6279530317572375,-1.0,1.3550565422129865
E07000203,Mid Suffolk,25,102493.0,987.1999999999997,616.0,76.0,540.0,88.79999999999998,86.64006322382998,12.799999999999999,1.3009018502076575,0.18181818181818196,1.123506143361158
E07000207,Elmbridge,25,136626.0,1094.9999999999998,688.0,112.0,576.0,93.39999999999999,68.36180522008985,-18.6,1.3551704298707066,0.2,1.208785407986146
E07000208,Epsom and Ewell,25,79928.0,585.2,384.0,81.0,303.0,64.59999999999998,80.82274046641979,-16.400000000000002,1.493768634195018,-0.0333333333333333,1.535472834642088
E07000209,Guildford,25,147889.0,1068.4,629.0,92.0,537.0,34.00000000000001,22.99021563469896,-57.99999999999999,0.5860251044138957,-0.5121212121212122,0.9323126661130163
E07000210,Mole Valley,25,87253.0,842.4,604.0,105.0,499.0,135.60000000000002,155.41012916461332,30.599999999999998,2.5283492900652202,0.6151515151515151,1.8233288149508773
E07000211,Reigate and Banstead,25,147757.0,1343.4000000000008,855.0,181.0,674.0,97.4,65.91904275262763,-83.60000000000001,1.3720315973339516,-0.6848484848484845,1.8355280711717292
E07000212,Runnymede,25,88000.0,718.3999999999996,491.0,72.0,419.0,90.80000000000001,103.18181818181824,18.800000000000004,1.5840220385674937,0.33333333333333326,1.2052341597796135
E07000213,Spelthorne,25,99334.0,888.9999999999999,524.0,91.0,433.0,36.19999999999998,36.44270843819836,-54.80000000000003,0.918236668332304,-0.40606060606060596,1.327019769849014
E07000214,Surrey Heath,25,88874.0,773.1999999999997,559.0,90.0,469.0,128.20000000000005,144.24916173459053,38.199999999999974,2.3560764609890334,0.7454545454545451,1.5172996022288276
E07000215,Tandridge,25,87496.0,820.5999999999997,512.0,92.0,420.0,71.00000000000001,81.14656670019224,-20.999999999999986,1.9948963900687433,0.3666666666666667,1.5758296136827723
E07000216,Waverley,25,125610.0,1194.9999999999998,767.0,141.0,626.0,112.79999999999998,89.80176737520902,-28.199999999999992,1.4788438480819666,-0.21818181818181812,1.6525416573183471
E07000217,Woking,25,101167.0,774.1999999999994,505.0,75.0,430.0,85.39999999999993,84.41487836942873,10.399999999999991,1.398827201707587,0.309090909090909,1.0933017743538955
E07000218,North Warwickshire,25,64850.0,714.1999999999999,482.0,84.0,398.0,90.39999999999995,139.39861218195847,6.400000000000005,2.51863274222565,0.43636363636363656,1.8457512674937493
E07000219,Nuneaton and Bedworth,25,128902.0,1268.200000000001,862.0,155.0,707.0,160.79999999999998,124.74593101736197,5.799999999999996,1.8454235611455816,0.24242424242424238,1.6573549179715092
E07000220,Rugby,25,107194.0,973.5999999999999,574.0,74.0,500.0,44.2,41.233651137190506,-29.8,0.7830605625258308,-0.2666666666666669,1.031830705133315
E07000221,Stratford-on-Avon,25,127580.0,1370.9999999999998,896.0,167.0,729.0,142.20000000000002,111.45947640696032,-24.800000000000008,1.7196577786011862,-0.30606060606060626,1.9595547891519054
E07000222,Warwick,25,142484.0,1190.9999999999998,722.0,99.0,623.0,82.19999999999999,57.690688077257846,-16.800000000000008,0.9293972826720369,-0.16060606060606053,1.0421159462455327
E07000223,Adur,25,63869.0,713.4,413.0,40.0,373.0,22.199999999999992,34.7586466047691,-17.8,0.9631456812405315,0.00909090909090906,0.9489120012221991
E07000224,Arun,25,159827.0,2195.7999999999997,1246.0,67.0,1179.0,27.600000000000033,17.26867175133113,-39.399999999999984,0.6067166184042554,-0.045454545454545414,0.6351564598919557
E07000225,Chichester,25,120750.0,1481.7999999999997,899.0,81.0,818.0,82.59999999999998,68.4057971014493,1.5999999999999934,1.26984126984127,0.30606060606060614,1.0163749294184075
E07000226,Crawley,25,112448.0,754.4,466.0,76.0,390.0,50.59999999999998,44.99857712009106,-25.400000000000006,0.8488772183991309,-0.19696969696969702,1.0240423587037133
E07000227,Horsham,25,142217.0,1308.6000000000001,882.0,119.0,763.0,155.20000000000005,109.12900708072874,36.2,1.8345844091008172,0.8515151515151511,1.2358408330760446
E07000228,Mid Sussex,25,149716.0,1368.5999999999997,877.0,165.0,712.0,120.19999999999999,80.28534024419571,-44.8,1.5079054727455703,-0.22727272727272732,1.6597080371159296
E07000229,Worthing,25,110025.0,1374.8000000000013,793.0,78.0,715.0,42.79999999999999,38.90024994319481,-35.2,0.8042249351042821,-0.2818181818181819,1.0603650685450279
E07000234,Bromsgrove,25,98662.0,1085.8000000000002,695.0,135.0,560.0,107.00000000000004,108.45107538870081,-28.0,1.2961300995194496,-0.7515151515151516,2.05783688786263
E07000235,Malvern Hills,25,78113.0,1018.6000000000001,618.0,49.0,569.0,68.39999999999999,87.56545005312823,19.400000000000013,1.2530409519387034,0.25151515151515164,0.9310521005117297
E07000236,Redditch,25,84989.0,687.0000000000002,448.0,59.0,389.0,66.00000000000001,77.65710856699108,6.999999999999989,1.2336712380247434,0.16969696969696968,1.0340019047028186
E07000237,Worcester,25,101891.0,872.4000000000003,546.0,62.0,484.0,52.19999999999998,51.231217673788684,-9.80000000000001,1.0082075230125604,0.10303030303030304,0.907089364362332
E07000238,Wychavon,25,127340.0,1242.1999999999996,773.0,109.0,664.0,103.8,81.51405685566199,-5.200000000000006,1.34928680554564,0.11212121212121202,1.261238107476524
E07000239,Wyre Forest,25,101062.0,1143.4,715.0,115.0,600.0,92.6,91.62692208743152,-22.4,1.5082250739570011,-0.20303030303030292,1.7091218531918286
E07000240,St Albans,25,147373.0,1110.2000000000003,749.0,126.0,623.0,144.60000000000002,98.11837989319619,18.599999999999994,1.667588878271975,0.5787878787878786,1.2748521634138412
E07000241,Welwyn Hatfield,25,122746.0,960.8000000000003,607.0,111.0,496.0,74.60000000000001,60.77591123132326,-36.39999999999999,1.0492226124507427,-0.3484848484848484,1.333129907584473
E07000242,East Hertfordshire,25,148105.0,1124.9999999999989,735.0,100.0,635.0,127.19999999999996,85.88501401033052,27.200000000000003,1.417912967151683,0.5999999999999999,1.0127949765369164
E07000243,Stevenage,25,87754.0,753.5999999999998,459.0,59.0,400.0,49.59999999999999,56.52164003920052,-9.4,0.8978266379638398,-0.07575757575757577,0.9841561223834399
E07000244,East Suffolk,25,248249.0,3004.6000000000017,1762.0,220.0,1542.0,100.99999999999996,40.6849574419232,-119.00000000000007,0.8788829690424458,-1.121212121212121,1.3305311614670365
E07000245,West Suffolk,25,178881.0,1627.9999999999998,925.0,76.0,849.0,30.6,17.106344441276587,-45.399999999999984,0.4201201645312532,-0.3545454545454546,0.6183220163464013
E07000246,Somerset West and Taunton,25,153866.0,1837.6000000000001,1017.0,47.0,970.0,-5.399999999999997,-3.5095472684023665,-52.399999999999984,0.0059083287346843195,-0.6878787878787876,0.4529718696591166
E08000001,Bolton,25,285372.0,2616.400000000001,1650.0,316.0,1334.0,239.99999999999991,84.1007527017366,-76.0,1.335842763873544,-0.9303030303030302,1.6618393684118427
E08000002,Bury,25,190108.0,1810.1999999999998,1088.0,237.0,851.0,89.59999999999994,47.13110442485316,-147.4,0.8320629230848675,-1.9181818181818189,1.8410587665958296
E08000003,Manchester,25,547627.0,3493.000000000002,1991.0,401.0,1590.0,87.19999999999997,15.923247027630127,-313.7999999999999,0.4659220877559272,-3.312121212121212,1.0707354392015669
E08000004,Oldham,25,235623.0,2129.2000000000007,1253.0,257.0,996.0,116.6,49.485831179468875,-140.40000000000003,1.0468700706920233,-1.3363636363636366,1.6140318657475305
E08000005,Rochdale,25,220001.0,2026.4,1208.0,223.0,985.0,99.00000000000003,44.999795455475194,-123.99999999999999,0.8030266529091533,-1.551515151515151,1.5082576070935207
E08000006,Salford,25,254408.0,2180.7999999999997,1388.0,318.0,1070.0,187.39999999999998,73.66120562246465,-130.59999999999997,1.319760289604004,-1.3696969696969696,1.858146256121162
E08000007,Stockport,25,291775.0,2806.400000000002,1737.0,356.0,1381.0,232.40000000000012,79.65041555993488,-123.60000000000004,1.3948066043002207,-1.2484848484848485,1.8226996206603785
E08000008,Tameside,25,225197.0,2307.000000000001,1419.0,288.0,1131.0,153.00000000000009,67.94051430525268,-135.00000000000003,1.3913743670356762,-1.0181818181818185,1.8435037551633253
E08000009,Trafford,25,236370.0,2009.800000000001,1232.0,237.0,995.0,120.19999999999999,50.85247704869486,-116.79999999999998,1.005101144712771,-1.109090909090909,1.4743192811475587
E08000010,Wigan,25,326088.0,3226.5999999999985,1907.0,344.0,1563.0,140.60000000000005,43.117195358308166,-203.39999999999995,0.8884011975202079,-2.2242424242424237,1.570500024904972
E08000011,Knowsley,25,149571.0,1576.1999999999991,961.0,143.0,818.0,101.99999999999997,68.19503780813115,-40.99999999999999,1.1507659380575905,-0.4303030303030303,1.4384574225719893
E08000012,Liverpool,25,494814.0,4500.799999999999,2911.0,573.0,2338.0,452.00000000000017,91.34745581167871,-121.0,1.5218451843122933,-1.0303030303030303,1.7300654509787636
E08000013,St. Helens,25,180049.0,1961.8000000000004,1176.0,196.0,980.0,129.20000000000002,71.75824358924513,-66.8,1.1343713335948784,-0.896969696969697,1.6325522160044976
E08000014,Sefton,25,275396.0,3259.4,2140.0,292.0,1848.0,361.2,131.15658905721227,69.20000000000003,2.048840303571674,1.3242424242424249,1.567990028243627
E08000015,Wirral,25,323235.0,3705.400000000001,2326.0,431.0,1895.0,323.20000000000005,99.98917196466968,-107.8,1.578736926084831,-1.3060606060606064,1.9827960799699629
E08000016,Barnsley,25,245199.0,2490.999999999999,1567.0,244.0,1323.0,186.0,75.85675308626877,-58.000000000000014,1.3050624186884947,-0.36060606060606093,1.45212911170358
E08000017,Doncaster,25,310542.0,3158.0000000000005,1878.0,254.0,1624.0,149.6,48.17383799936886,-104.40000000000003,0.5688978195112633,-1.8242424242424247,1.1563360482347282
E08000018,Rotherham,25,264671.0,2743.6000000000017,1808.0,322.0,1486.0,292.6000000000001,110.55234612027768,-29.39999999999999,1.7288473522817305,-0.1515151515151516,1.7860939533506603
E08000019,Sheffield,25,582506.0,5002.199999999998,3076.0,563.0,2513.0,343.2000000000001,58.9178480565008,-219.8000000000001,1.2277152770126245,-1.3484848484848484,1.4592124372967823
E08000021,Newcastle upon Tyne,25,300196.0,2517.2000000000016,1508.0,246.0,1262.0,129.79999999999998,43.23841756718943,-116.20000000000006,0.7066090558209039,-1.5757575757575761,1.2315186401450042
E08000022,North Tyneside,25,205985.0,2217.1999999999994,1201.0,154.0,1047.0,-6.399999999999958,-3.107022355996808,-160.39999999999992,0.20448679331607714,-1.8515151515151513,1.103346007101135
E08000023,South Tyneside,25,150265.0,1736.4000000000005,1035.0,162.0,873.0,90.20000000000002,60.02728512960441,-71.79999999999998,1.020419481138878,-0.8909090909090911,1.6133114326306364
E08000024,Sunderland,25,277417.0,3017.2000000000007,1863.0,335.0,1528.0,218.99999999999997,78.94253055868967,-116.0,1.5161509950942467,-0.8545454545454546,1.824187436460658
E08000025,Birmingham,25,1141374.0,8475.2,5751.0,1209.0,4542.0,1098.3999999999996,96.23488882697522,-110.59999999999998,1.5730641713010336,-0.24242424242424215,1.5943038563143805
E08000026,Coventry,25,366785.0,2787.9999999999995,1770.0,284.0,1486.0,209.60000000000005,57.14519405101083,-74.40000000000002,0.8658362735001641,-1.1121212121212125,1.1690442051552787
E08000027,Dudley,25,320626.0,3200.800000000002,2042.0,309.0,1733.0,266.99999999999994,83.27459407534012,-41.99999999999999,1.3449069046556463,-0.29393939393939433,1.4365836226820667
E08000028,Sandwell,25,327378.0,2967.5999999999995,2014.0,368.0,1646.0,358.6,109.53698782447206,-9.399999999999991,1.672610125224535,-0.03939393939393954,1.6846432915930556
E08000029,Solihull,25,214909.0,2034.6,1431.0,274.0,1157.0,299.0,139.1286544537454,25.0,2.2476038836451826,0.6939393939393939,1.924704705881855
E08000030,Walsall,25,283378.0,2732.6,1785.0,385.0,1400.0,266.40000000000003,94.00870921525315,-118.60000000000008,1.729139171001278,-0.8424242424242426,2.026418508996551
E08000031,Wolverhampton,25,262008.0,2636.9999999999995,1745.0,311.0,1434.0,318.0000000000001,121.37033983695159,6.999999999999993,2.028621841757319,0.6636363636363635,1.775333253761393
E08000032,Bradford,25,537173.0,4511.200000000001,2853.0,495.0,2358.0,388.2,72.2672211745564,-106.80000000000004,1.2280903353239452,-0.675757575757576,1.3538892075229532
E08000033,Calderdale,25,210082.0,1960.0000000000005,1155.0,114.0,1041.0,88.60000000000002,42.17400824439978,-25.4,0.8409414736467978,0.05454545454545446,0.8149775859527295
E08000034,Kirklees,25,438727.0,3867.4000000000024,2269.0,309.0,1960.0,161.60000000000002,36.83383972265207,-147.39999999999995,0.9048216703546781,-0.6818181818181821,1.0602299725148325
E08000035,Leeds,25,789194.0,6747.599999999998,3988.0,697.0,3291.0,295.40000000000015,37.43059374501074,-401.59999999999985,0.7929071632039472,-4.151515151515152,1.3189521092520862
E08000036,Wakefield,25,345038.0,3415.1999999999994,2121.0,343.0,1778.0,247.19999999999996,71.64428265872166,-95.79999999999998,1.2629263320491535,-0.7181818181818186,1.4710720488055158
E08000037,Gateshead,25,202508.0,2181.5999999999995,1363.0,236.0,1127.0,196.59999999999994,97.08258439172772,-39.39999999999999,1.45897715376452,-0.5909090909090908,1.7507725845174231
E09000002,Barking and Dagenham,25,211998.0,1253.1999999999991,804.0,165.0,639.0,123.8,58.396777328088,-41.19999999999998,0.9233935025687774,-0.527272727272727,1.1721093995455085
E09000003,Barnet,25,392140.0,2397.0000000000005,1737.0,454.0,1283.0,425.99999999999983,108.63467129086553,-28.000000000000018,1.8090323338449008,0.23030303030303043,1.7503025357363085
E09000004,Bexley,25,247258.0,2055.8,1259.0,228.0,1031.0,150.19999999999993,60.746265034902855,-77.80000000000001,1.140999329126711,-0.6030303030303032,1.3848864037735558
E09000005,Brent,25,330795.0,1728.8000000000004,1363.0,488.0,875.0,436.2,131.86414546773676,-51.800000000000004,2.10603747537498,-0.3818181818181818,2.221461886813538
E09000006,Bromley,25,331096.0,2629.4000000000015,1656.0,341.0,1315.0,207.4,62.640442651074004,-133.6,1.2026174226865258,-1.1393939393939394,1.546745391430921
E09000007,Camden,25,262226.0,1145.9999999999998,727.0,160.0,567.0,119.80000000000004,45.68578249296403,-40.2,0.7060761143117575,-0.5727272727272726,0.9244859107191601
E09000008,Croydon,25,385346.0,2524.9999999999995,1802.0,492.0,1310.0,445.0000000000001,115.48063298957308,-47.000000000000014,1.7976760436783392,-0.46666666666666656,1.9187793292104742
E09000009,Ealing,25,341982.0,1958.3999999999996,1434.0,406.0,1028.0,353.5999999999999,103.39725482627736,-52.400000000000006,1.672070991508856,-0.40303030303030307,1.7899223120550563
E09000010,Enfield,25,333869.0,2059.3999999999996,1526.0,388.0,1138.0,407.8000000000002,122.14371504991473,19.8,1.9604858628547555,0.7121212121212116,1.7471922620349094
E09000011,Greenwich,25,286186.0,1581.6000000000004,1054.0,226.0,828.0,192.8,67.36877415387191,-33.2,1.2642763161656458,0.22424242424242433,1.1859208325841926
E09000013,Hammersmith and Fulham,25,185426.0,931.0000000000002,653.0,168.0,485.0,147.79999999999998,79.70834726521635,-20.20000000000001,1.0900370612600834,-0.5090909090909093,1.3645891246659214
E09000014,Haringey,25,270624.0,1216.6000000000004,911.0,271.0,640.0,255.2000000000001,94.30057940167904,-15.799999999999997,1.41088071205134,-0.24242424242424243,1.5004604398006316
E09000015,Harrow,25,250149.0,1507.4000000000005,1206.0,397.0,809.0,385.8000000000002,154.22808006428176,-11.20000000000001,2.44702642073809,0.12121212121212119,2.3985704520106013
E09000016,Havering,25,257810.0,2371.2,1524.0,273.0,1251.0,210.4000000000001,81.61048834412954,-62.6,1.5691612216184594,-0.0757575757575756,1.5985462632217984
E09000017,Hillingdon,25,304824.0,1987.800000000001,1339.0,314.0,1025.0,254.60000000000008,83.52360706506055,-59.400000000000006,1.4404735489689435,-0.3212121212121214,1.5458498058293346
E09000018,Hounslow,25,270782.0,1520.200000000001,1037.0,230.0,807.0,226.6,83.68355355969004,-3.400000000000022,1.179524264515142,-0.2303030303030303,1.2645753500020016
E09000019,Islington,25,239142.0,1087.4000000000005,685.0,150.0,535.0,110.00000000000004,45.997775380317954,-39.99999999999999,0.8730707227834459,-0.18484848484848485,0.9503672599239257
E09000020,Kensington and Chelsea,25,156197.0,814.3999999999999,492.0,124.0,368.0,68.79999999999997,44.04694072229301,-55.19999999999998,0.8575029862250487,-0.539393939393939,1.2028322431211107
E09000021,Kingston upon Thames,25,175470.0,1090.6000000000001,709.0,131.0,578.0,98.00000000000006,55.85000284948997,-32.999999999999986,1.201966666148578,0.12424242424242424,1.1311611585162606
E09000022,Lambeth,25,325917.0,1446.600000000001,1052.0,287.0,765.0,257.20000000000005,78.91579758036553,-29.79999999999999,1.3770005209543497,0.13939393939393935,1.334230754604652
E09000023,Lewisham,25,303536.0,1547.3999999999996,1061.0,292.0,769.0,214.39999999999995,70.63412577091354,-77.6,1.2069857821267875,-0.7454545454545453,1.4525759412692105
E09000024,Merton,25,206186.0,1230.2,852.0,203.0,649.0,177.39999999999992,86.03881931847937,-25.600000000000005,1.3888607197561242,-0.18181818181818174,1.4770423527565146
E09000025,Newham,25,352005.0,1340.8,985.0,307.0,678.0,244.7999999999998,69.54446669791629,-62.200000000000024,1.2232952958226755,-0.31515151515151524,1.3128257045246867
E09000026,Redbridge,25,303858.0,1755.3999999999994,1247.0,312.0,935.0,273.60000000000014,90.04205911972039,-38.39999999999999,1.460012122887545,-0.2606060606060607,1.5457778623467868
E09000027,Richmond upon Thames,25,196904.0,1228.3999999999992,749.0,151.0,598.0,79.00000000000001,40.12107422906598,-72.00000000000001,0.5894273659275898,-1.0666666666666667,1.131146511636496
E09000028,Southwark,25,317256.0,1355.6000000000001,907.0,249.0,658.0,181.40000000000003,57.17779963184306,-67.60000000000001,1.0659587783424689,-0.37575757575757573,1.1843986426027433
E09000029,Sutton,25,204525.0,1482.6000000000004,968.0,179.0,789.0,139.20000000000007,68.06013934726802,-39.79999999999999,1.1601160116011595,-0.3090909090909092,1.3112422353346445
E09000030,Tower Hamlets,25,317705.0,1067.2,675.0,188.0,487.0,102.60000000000004,32.29410931524528,-85.39999999999999,0.5932700098671677,-0.9333333333333332,0.8870435838849928
E09000031,Waltham Forest,25,276700.0,1424.0000000000005,943.0,248.0,695.0,154.00000000000009,55.65594506685943,-93.99999999999997,1.124727579371598,-0.6454545454545455,1.357996298364928
E09000032,Wandsworth,25,326474.0,1519.7999999999997,970.0,214.0,756.0,142.19999999999996,43.55630157378536,-71.79999999999998,0.7796806316749713,-0.6818181818181821,0.9885236580164816
E09000033,Westminster,25,255324.0,1109.4000000000003,735.0,184.0,551.0,141.99999999999997,55.61560997007715,-42.0,0.9589716785280059,-0.33939393939393936,1.0918984458487206
