Region Code,Region Name,Area Code,Area Name,Deaths,Rate,Lower CL,Upper CL,Deaths.1,Rate.1,Lower CL.1,Upper CL.1,Deaths.2,Rate.2,Lower CL.2,Upper CL.2,Ratio,Ratio.1,Deaths.3,Rate.3,Lower CL.3,Upper CL.3,Deaths.4,Rate.4,Lower CL.4,Upper CL.4,Deaths.5,Rate.5,Lower CL.5,Upper CL.5,Ratio.2,Ratio.3,Deaths.6,Rate.6,Lower CL.6,Upper CL.6,Deaths.7,Rate.7,Lower CL.7,Upper CL.7,Deaths.8,Rate.8,Lower CL.8,Upper CL.8,Ratio.4,Ratio.5
,,E92000001,England,58874,1917.2,1901.5,1933,20059,653,643.8,662.2,1205730,1121.3,1119.2,1123.3,1.7,0.6,55544,1313.9,1303,1325,15366,364.4,358.6,370.2,1253986,833.8,832.4,835.3,1.6,0.4,114418,1580.6,1571.4,1589.8,35425,488.9,483.8,494.1,2459716,961.5,960.3,962.7,1.6,0.5
,,E12000001,North East,3001,2003.9,1930.7,2079,975,660.1,618.1,704.2,68071,1270.3,1260.4,1280.2,1.6,0.5,3109,1503.6,1450.9,1557.7,944,451,422.5,480.8,71193,963.3,956.2,970.5,1.6,0.5,6110,1720.3,1677.1,1764.3,1919,536.5,512.6,561.2,139264,1099.4,1093.6,1105.2,1.6,0.5
,,E12000002,North West,8608,2145.9,2099.8,2192.7,3031,759.5,732.2,787.6,173892,1230.4,1224.5,1236.4,1.7,0.6,8266,1521.4,1488.6,1554.7,2428,444.4,426.8,462.6,180975,930.8,926.5,935.1,1.6,0.5,16874,1800.4,1773.2,1827.8,5459,580.6,565.2,596.2,354867,1064.7,1061.2,1068.2,1.7,0.5
,,E12000003,Yorkshire and The Humber,5660,1910.6,1859.9,1962.4,1728,589.1,560.9,618.3,126463,1206.1,1199.2,1212.9,1.6,0.5,5489,1333.5,1298.2,1369.5,1359,328.7,311.3,346.8,131493,893.5,888.7,898.4,1.5,0.4,11149,1585.8,1556.4,1615.7,3087,438.5,423.1,454.3,257956,1030.6,1026.6,1034.6,1.5,0.4
,,E12000004,East Midlands,4862,1790,1738.7,1842.3,1395,518.6,491.1,547.3,109724,1155.4,1148.4,1162.5,1.5,0.4,4618,1248.6,1212.7,1285.4,1138,306.7,289,325.1,112855,859.7,854.7,864.8,1.5,0.4,9480,1486.1,1456.2,1516.4,2533,396.5,381.2,412.3,222579,989.8,985.7,993.9,1.5,0.4
,,E12000005,West Midlands,7025,2158.1,2107,2210.2,2453,752.1,722.1,783,134441,1173.0,1166.6,1179.5,1.8,0.6,6334,1419.9,1384.9,1455.5,1832,412.2,393.4,431.7,137169,858.4,853.8,863.0,1.7,0.5,13359,1743,1713.5,1772.9,4285,557.4,540.8,574.4,271610,997.9,994.1,1001.6,1.7,0.6
,,E12000006,East of England,6684,1808.6,1764.9,1853,2065,556,532,580.8,137678,1066.7,1061.0,1072.4,1.7,0.5,6279,1223.3,1192.9,1254.3,1448,285.2,270.5,300.4,144549,798.1,793.9,802.3,1.5,0.4,12963,1480.2,1454.7,1506,3513,401.3,388.1,414.9,282227,917.0,913.6,920.4,1.6,0.4
,,E12000007,London,8592,2490.1,2436.6,2544.5,4391,1269.6,1231.6,1308.4,123897,1025.4,1019.5,1031.3,2.4,1.2,7279,1575.7,1539.4,1612.7,2978,654.4,630.9,678.6,122644,746.6,742.4,750.8,2.1,0.9,15871,1984.5,1953.4,2015.9,7369,924.8,903.6,946.4,246541,871.7,868.2,875.1,2.3,1.1
,,E12000008,South East,8959,1658.2,1623.8,1693.2,2809,520.2,501,540,194823,1037.1,1032.5,1041.8,1.6,0.5,8930,1167.9,1143.5,1192.7,2264,294.9,282.8,307.5,208164,772.0,768.6,775.4,1.5,0.4,17889,1385,1364.7,1405.5,5073,392.2,381.4,403.1,402987,889.9,887.2,892.7,1.6,0.4
,,E12000009,South West,5483,1500,1460.1,1540.7,1212,330.9,312.3,350.3,136741,1070.5,1064.8,1076.3,1.4,0.3,5240,1015.6,987.9,1043.9,975,184.6,173,196.7,144944,787.4,783.3,791.5,1.3,0.2,10723,1226.9,1203.7,1250.5,2187,247.6,237.3,258.2,281685,912.5,909.1,915.9,1.3,0.3
E12000001,North East,E06000001,Hartlepool,105,2071.3,1683.7,2519.5,38,740.5,518.8,1023,2542,1356.7,1302.5,1412.6,1.5,0.5,121,1635.6,1354.6,1957.3,38,509.5,358.9,701.3,2545,975.2,937.3,1014.1,1.7,0.5,226,1812.4,1582.2,2066.5,76,601.9,473.3,754.4,5087,1141.6,1110.2,1173.7,1.6,0.5
,,E06000002,Middlesbrough,199,3082.4,2646.6,3566.7,74,1150.6,889.8,1460.6,3688,1526.2,1474.5,1579.3,2,0.8,204,2196.5,1903.6,2521.5,85,907.9,724.3,1123.8,3693,1110.1,1074.3,1146.7,2,0.8,403,2596,2345.5,2865.7,159,1029.9,874,1205.4,7381,1291.6,1262.0,1321.8,2,0.8
,,E06000003,Redcar and Cleveland,147,1698.1,1426.8,2004.7,44,500.9,360.3,677,3814,1238.4,1198.3,1279.5,1.4,0.4,130,1121.1,934.7,1333.4,32,271.2,184.8,383.6,3884,930.1,900.9,960.0,1.2,0.3,277,1357.9,1201.5,1528.9,76,368.5,289.8,461.8,7698,1065.2,1041.4,1089.4,1.3,0.3
,,E06000004,Stockton-on-Tees,159,1516.3,1282.2,1779.7,32,297.8,202.1,422.4,4607,1239.0,1202.1,1276.8,1.2,0.2,180,1280.1,1098.6,1482.8,44,301.4,218.4,405.4,4828,961.0,934.0,988.6,1.3,0.3,339,1376.1,1232.3,1532,76,303.1,238.3,380,9435,1084.8,1062.9,1107.1,1.3,0.3
,,E06000005,Darlington,138,2145,1795.8,2541.2,36,589.6,409.2,821.1,2714,1202.8,1157.2,1249.8,1.8,0.5,96,1100.7,889.5,1346.6,20,224.7,136.3,348.4,2932,925.0,891.5,959.5,1.2,0.2,234,1542.9,1350.7,1754.6,56,362.8,273.6,471.6,5646,1049.2,1022.0,1077.0,1.5,0.3
,,E06000047,County Durham,669,2172.1,2005,2349.1,229,750.6,653.1,858.1,13585,1243.5,1221.9,1265.4,1.7,0.6,671,1655.8,1532.3,1786.5,224,547.4,477.8,624.3,14267,979.2,963.1,995.4,1.7,0.6,1340,1888.9,1788.1,1993.9,453,633.5,575.9,695.2,27852,1097.8,1084.8,1110.9,1.7,0.6
,,E06000057,Northumberland,355,1595.8,1431,1774.1,95,418.6,337.3,513.3,8716,1130.4,1106.2,1155.0,1.4,0.4,378,1276.4,1150.1,1412.7,85,283.4,226,350.8,9288,888.2,870.1,906.6,1.4,0.3,733,1411.2,1310.3,1517.8,180,340.4,292.3,394.2,18004,998.2,983.6,1012.9,1.4,0.3
,,E08000021,Newcastle upon Tyne,296,2217.9,1968.6,2489.7,90,702.2,563.1,865.1,6207,1270.4,1238.3,1303.1,1.7,0.6,276,1467.4,1297.1,1653.5,79,412,325.1,514.9,6447,968.8,945.0,993.1,1.5,0.4,572,1798.1,1652.7,1952.7,169,533.1,455.3,620.4,12654,1107.9,1088.6,1127.5,1.6,0.5
,,E08000022,North Tyneside,186,1634.2,1399.5,1895.9,58,537.8,403.5,701.1,5277,1281.0,1245.6,1317.2,1.3,0.4,210,1217.5,1057.1,1395.2,48,273.3,200.8,363.2,5732,929.3,905.1,953.9,1.3,0.3,396,1393.3,1258.7,1538.3,106,374.3,306.1,453.2,11009,1081.0,1060.8,1101.5,1.3,0.3
,,E08000023,South Tyneside,148,1711,1438.6,2018.9,46,568.8,410.9,765.7,4147,1359.2,1316.6,1402.9,1.3,0.4,195,1550,1338.1,1785.7,57,451.3,340.6,586.2,4497,976.6,947.9,1005.9,1.6,0.5,343,1639.1,1469.1,1823.3,103,486.2,396.3,590.3,8644,1138.6,1114.6,1163.0,1.4,0.4
,,E08000024,Sunderland,332,2283.3,2025.8,2562.7,129,866.2,712.7,1041.3,7367,1406.6,1372.2,1441.6,1.6,0.6,381,1841.2,1658.8,2038.1,147,700,590.1,824.2,7554,1014.2,991.3,1037.5,1.8,0.7,713,2038.3,1887.7,2197.6,276,766.9,677.1,865.2,14921,1179.1,1159.9,1198.5,1.7,0.7
,,E08000037,Gateshead,267,2323.6,2045.7,2627.8,104,939.5,762.7,1144.1,5407,1291.6,1256.3,1327.6,1.8,0.7,267,1668.5,1472.6,1883.1,85,518,412.8,641.5,5526,979.3,953.5,1005.6,1.7,0.5,534,1946,1783.2,2119.7,189,686,590.9,792,10933,1118.8,1097.8,1140.1,1.7,0.6
E12000002,North West,E06000006,Halton,131,1997.3,1653,2389.3,52,797.6,584.2,1060,3061,1323.3,1274.1,1373.8,1.5,0.6,132,1541.1,1287.9,1829.3,31,360.2,244,512.1,3061,1033.2,996.7,1070.7,1.5,0.3,263,1722.5,1517.3,1947.5,83,542.2,430.1,674.1,6122,1165.6,1136.0,1195.7,1.5,0.5
,,E06000007,Warrington,211,1817.9,1572.3,2089.9,81,738.4,580,925.3,4743,1218.2,1182.1,1255.1,1.5,0.6,234,1523.4,1334.2,1731.9,82,530.6,421.9,658.8,4930,921.9,896.3,948.0,1.7,0.6,445,1693,1538.2,1859,163,626.3,533.2,730.9,9673,1053.9,1032.9,1075.3,1.6,0.6
,,E06000008,Blackburn with Darwen,149,2336.3,1956.2,2765.5,42,750.5,528,1030.5,3178,1384.4,1333.2,1436.9,1.7,0.5,122,1509.1,1251.5,1803.9,25,312.4,201.5,462.2,3211,1073.0,1036.0,1111.0,1.4,0.3,271,1883.5,1662.3,2125.7,67,490.2,378.1,624.7,6389,1213.5,1183.4,1244.2,1.6,0.4
,,E06000009,Blackpool,185,2196.1,1884.6,2543.5,42,500.1,357.3,679.9,4715,1541.7,1496.9,1587.5,1.4,0.3,186,1657,1425.1,1915.6,42,367.8,263.9,498.7,4698,1107.3,1075.5,1139.9,1.5,0.3,371,1902.1,1712.8,2106.6,84,429.8,342.4,532.6,9413,1302.6,1276.4,1329.3,1.5,0.3
,,E06000049,Cheshire East,474,1812,1650.6,1984.7,167,638.6,544.2,744.5,9398,1046.6,1025.3,1068.3,1.7,0.6,492,1357.6,1239,1484.5,153,419.6,355.1,492.4,10048,790.1,774.5,805.9,1.7,0.5,966,1560.3,1463.1,1662.2,320,512.9,458.2,572.5,19446,906.8,894.0,919.7,1.7,0.6
,,E06000050,Cheshire West and Chester,407,1866.1,1686.8,2059,151,688.6,581.9,809.2,8124,1092.2,1068.0,1116.7,1.7,0.6,394,1325.8,1197.4,1464.1,102,344.6,280.7,418.7,8854,855.4,837.5,873.5,1.5,0.4,801,1568.1,1461.1,1680.9,253,493.2,434.2,558,16978,962.0,947.5,976.6,1.6,0.5
,,E08000001,Bolton,312,2067.8,1840,2315.4,121,829.9,685.5,995.1,6412,1240.0,1208.9,1271.7,1.7,0.7,319,1703.7,1521.5,1901.7,117,622.3,514.4,746.1,6510,962.8,939.4,986.5,1.8,0.6,631,1891.6,1746,2046,238,715.3,626.9,812.7,12922,1090.7,1071.9,1109.8,1.7,0.7
,,E08000002,Bury,214,2096.4,1820.3,2402,86,853.1,679.6,1056.7,4377,1227.2,1190.1,1265.1,1.7,0.7,234,1706.2,1494,1940.1,74,530.3,416.2,666,4707,965.0,937.6,993.1,1.8,0.5,448,1895.5,1723.5,2080,160,674.6,573.8,788,9084,1085.9,1063.6,1108.6,1.7,0.6
,,E08000003,Manchester,470,2983.4,2707.5,3278.9,167,1100.3,934.7,1286,8892,1506.6,1473.6,1540.1,2,0.7,387,1825.4,1645.8,2018.9,122,576.6,477.8,689.6,8772,1094.8,1071.7,1118.3,1.7,0.5,857,2320.7,2165.7,2483.7,289,800.5,710,899.3,17664,1272.7,1253.6,1292.0,1.8,0.6
,,E08000004,Oldham,247,2181.8,1913.4,2476.7,106,940.1,767,1140.1,5182,1297.3,1261.1,1334.2,1.7,0.7,266,1782.1,1573.8,2010.1,93,619.1,499.5,758.7,5515,1020.3,993.4,1047.6,1.7,0.6,513,1978,1809.8,2157.6,199,770.7,667,885.9,10697,1150.8,1128.9,1172.9,1.7,0.7
,,E08000005,Rochdale,249,2299.8,2015.9,2611.7,92,843.9,677.3,1038.5,5002,1305.7,1268.5,1343.6,1.8,0.6,232,1644.3,1438.8,1870.9,68,481,373.2,610.2,5126,999.6,972.3,1027.5,1.6,0.5,481,1949,1777.9,2132.1,160,648.7,551.7,757.9,10128,1139.8,1117.6,1162.4,1.7,0.6
,,E08000006,Salford,318,2764.5,2462.9,3092.3,143,1254.6,1053.8,1482,5446,1328.3,1292.2,1365.0,2.1,0.9,293,1967.3,1747.4,2207.2,126,838.6,697.9,999.1,5543,1018.9,992.1,1046.3,1.9,0.8,611,2368.6,2183.8,2564.9,269,1050.8,928.6,1184.7,10989,1161.6,1139.9,1183.7,2,0.9
,,E08000007,Stockport,362,2036.1,1829.5,2259.4,141,799.5,671.5,944.5,6729,1075.6,1049.6,1102.1,1.9,0.7,338,1383.2,1238.2,1540.4,116,473.6,390.5,569.1,7111,821.1,802.0,840.6,1.7,0.6,700,1674.9,1552.6,1804.2,257,611.8,539,691.7,13840,935.4,919.8,951.1,1.8,0.7
,,E08000008,Tameside,294,2644.6,2334.4,2982.7,100,904,726.3,1110.2,5551,1371.8,1334.2,1410.2,1.9,0.7,281,1907.2,1689.8,2144.7,82,549,436.1,682.1,5810,1061.1,1034.0,1088.8,1.8,0.5,575,2205.5,2026.4,2396,182,697.4,598.6,807.7,11361,1201.2,1179.0,1223.7,1.8,0.6
,,E08000009,Trafford,265,2080.8,1835.6,2349.4,78,615.3,485.3,769.1,4874,1080.5,1049.9,1111.8,1.9,0.6,228,1262.2,1101.4,1439.6,83,459.7,364.9,571.5,5052,778.5,756.9,800.6,1.6,0.6,493,1601.7,1462.7,1750.4,161,520.1,442.4,607.4,9926,910.4,892.4,928.6,1.8,0.6
,,E08000010,Wigan,385,2205,1978.9,2448.8,144,832.1,694.7,987.5,7901,1282.0,1252.0,1312.5,1.7,0.6,330,1510.8,1351.6,1683.6,102,462.9,377.1,562.2,7980,1011.7,989.6,1034.2,1.5,0.5,715,1830.1,1696.3,1971.5,246,625.9,549,710.4,15881,1137.5,1119.6,1155.6,1.6,0.6
,,E08000011,Knowsley,171,2233.7,1903.5,2603.7,56,761.7,571.4,993.8,3740,1378.8,1332.8,1425.9,1.6,0.6,171,1602.5,1368.7,1864.5,52,491.5,365.6,646.4,4015,1057.1,1024.3,1090.7,1.5,0.5,342,1876.6,1681.2,2088.3,108,599.7,491,725,7755,1194.7,1167.8,1222.0,1.6,0.5
,,E08000012,Liverpool,653,2960.3,2730.9,3203.4,273,1214.9,1071.8,1371.6,11210,1401.9,1375.0,1429.2,2.1,0.9,605,2063,1900.5,2235.5,209,718.6,623.7,823.7,11109,1045.9,1026.4,1065.7,2,0.7,1258,2464.4,2328.9,2605.8,482,943,860,1031.8,22319,1207.0,1191.0,1223.1,2,0.8
,,E08000013,St. Helens,246,2396.1,2086.7,2736.1,89,843.7,668,1049.5,4732,1300.7,1261.5,1340.9,1.8,0.6,222,1625,1417.3,1854.5,68,493.9,383.1,626.7,4898,995.8,968.0,1024.1,1.6,0.5,468,1966.4,1789.7,2155.7,157,645.3,546.9,756,9630,1127.3,1104.7,1150.3,1.7,0.6
,,E08000014,Sefton,417,2251.6,2036.8,2482.5,129,702.8,584.6,837.4,7677,1182.5,1155.7,1209.9,1.9,0.6,401,1404.1,1266.8,1551.9,99,353.4,285.7,432,8535,859.2,840.7,878.0,1.6,0.4,818,1750.7,1631.5,1876.3,228,491,428.7,559.7,16212,994.5,979.1,1010.1,1.8,0.5
,,E08000015,Wirral,472,2330.2,2122,2553.1,180,890.4,763.5,1032.2,8826,1233.2,1207.1,1259.8,1.9,0.7,477,1659.7,1512.1,1817.6,138,466.6,391.3,552.1,9548,917.3,898.7,936.1,1.8,0.5,949,1949.6,1827.1,2078.3,318,645,575.8,720.2,18374,1055.0,1039.8,1070.5,1.8,0.6
,,E10000006,Cumbria,665,1884.8,1740.9,2037.2,214,606.4,526,695.4,13616,1116.9,1097.8,1136.3,1.7,0.5,649,1337,1234.8,1445.3,184,380.3,326.8,440,14225,838.7,824.8,852.8,1.6,0.5,1314,1585.3,1500.3,1673.8,398,473.7,428.2,522.8,27841,961.3,950.0,972.8,1.6,0.5
,,E10000017,Lancashire,1311,1823.1,1723.2,1927.2,377,527.6,474.3,585.1,30506,1207.2,1193.3,1221.3,1.5,0.4,1273,1300.6,1229.6,1374.5,260,262.9,231.8,297.1,31717,901.8,891.8,911.8,1.4,0.3,2584,1526.1,1467.7,1586.4,637,372.2,343.7,402.3,62223,1036.4,1028.2,1044.6,1.5,0.4
E12000003,Yorkshire and The Humber,E06000010,"Kingston upon Hull, City of",255,2236.1,1957.9,2541.5,66,622.5,474.6,800.2,6319,1475.8,1438.0,1514.3,1.5,0.4,191,1268.7,1094,1463.3,31,211.5,143.2,300.8,6311,1117.2,1089.6,1145.4,1.1,0.2,446,1687.7,1532.6,1854,97,377,304.8,461,12630,1280.7,1258.2,1303.5,1.3,0.3
,,E06000011,East Riding of Yorkshire,394,1646.4,1481.9,1823.6,112,490.5,400.4,594.3,9446,1122.2,1098.9,1145.8,1.5,0.4,359,1048.2,941.7,1163.4,57,164.5,124.2,213.5,9758,824.2,807.8,840.9,1.3,0.2,753,1299.1,1206.9,1396.4,169,289.6,247.3,337.1,19204,952.6,939.1,966.3,1.4,0.3
,,E06000012,North East Lincolnshire,141,1425.6,1196.3,1685.6,19,198.5,117.8,312.3,4297,1257.5,1219.3,1296.6,1.1,0.2,113,836.5,687.8,1007.4,11,83.3,40.6,150.4,4226,893.1,866.1,920.7,0.9,0.1,254,1104.8,972.6,1249.9,30,129,86.8,184.5,8523,1057.4,1035.0,1080.2,1,0.1
,,E06000013,North Lincolnshire,165,1631,1381.6,1910.9,37,366.2,253.5,510.2,4354,1210.7,1173.7,1248.7,1.3,0.3,161,1141.9,970.8,1334.4,22,149.9,93.6,227.2,4447,880.3,854.4,906.8,1.3,0.2,326,1337.7,1195.9,1491.5,59,239.7,182.3,309.4,8801,1020.6,999.4,1042.3,1.3,0.2
,,E06000014,York,200,1764.5,1525.7,2029.7,59,522.6,396.6,675.6,4318,1068.2,1036.2,1100.9,1.7,0.5,198,1181.9,1020.8,1361,50,296.8,219.3,392.4,4796,808.0,784.9,831.5,1.5,0.4,398,1419.6,1282.8,1566.9,109,387.8,318.1,468.2,9114,920.5,901.6,939.6,1.5,0.4
,,E08000016,Barnsley,279,2017.7,1778.2,2279.5,78,560.8,438,706,6034,1262.3,1229.3,1295.9,1.6,0.4,292,1581,1404.2,1773.9,68,365.9,283.8,464.2,6186,946.0,922.5,970.0,1.7,0.4,571,1801.4,1655.8,1956.4,146,461.2,389,542.9,12220,1082.5,1063.3,1102.0,1.7,0.4
,,E08000017,Doncaster,301,1750.3,1552.8,1965.4,62,348.4,265.1,449.1,7764,1271.9,1242.9,1301.4,1.4,0.3,315,1370.4,1222.3,1531.4,67,295.2,228.2,375.5,7893,946.2,925.4,967.5,1.4,0.3,616,1538.6,1418.8,1665.8,129,321.2,267.8,381.9,15657,1089.0,1071.9,1106.3,1.4,0.3
,,E08000018,Rotherham,334,2263.3,2018,2529.4,109,722,588.9,875.4,6622,1276.3,1244.3,1308.8,1.8,0.6,336,1641.4,1469.8,1827.4,99,481.1,390.7,586.1,6871,946.9,924.5,969.6,1.7,0.5,670,1913.9,1771,2065.1,208,587.3,509.9,673.1,13493,1086.5,1068.2,1105.1,1.8,0.5
,,E08000019,Sheffield,608,2094.2,1929.2,2269.5,208,725.9,629.8,832.4,11982,1156.0,1135.1,1177.2,1.8,0.6,608,1562.4,1439.6,1692.8,200,503,435.1,578.4,12763,893.7,878.1,909.5,1.7,0.6,1216,1807.5,1706.9,1912.5,408,606.7,549,668.8,24745,1013.8,1001.1,1026.5,1.8,0.6
,,E08000032,Bradford,508,2118.3,1933.2,2316,186,780.1,669.4,903.4,11033,1279.9,1255.4,1304.7,1.7,0.6,486,1457.5,1329.6,1594.2,146,443.2,373.6,522,11502,947.3,929.9,965.0,1.5,0.5,994,1755.2,1646.9,1868.6,332,589.6,527.5,656.9,22535,1096.2,1081.8,1110.7,1.6,0.5
,,E08000033,Calderdale,195,1866.8,1601.8,2161.6,56,577.4,428.7,758.9,4769,1245.6,1209.0,1283.1,1.5,0.5,207,1300.3,1128.2,1491.2,38,234.6,165.6,322.5,5035,887.2,862.6,912.2,1.5,0.3,402,1511.9,1367.3,1667.7,94,356.9,288.2,437,9804,1034.7,1014.2,1055.4,1.5,0.3
,,E08000034,Kirklees,434,1957.1,1772,2155.8,141,640,535.8,758.1,9354,1208.7,1183.2,1234.5,1.6,0.5,390,1270,1146.5,1403.1,74,239.4,187.7,300.8,9812,899.5,881.7,917.6,1.4,0.3,824,1564.7,1459.2,1675.6,215,407.3,354.5,465.7,19166,1035.2,1020.5,1050.1,1.5,0.4
,,E08000035,Leeds,767,2146.5,1992.7,2308.8,266,764.3,672.5,864.7,16318,1259.2,1239.3,1279.4,1.7,0.6,759,1519.8,1412.8,1632.7,248,496.4,436.1,562.7,16974,922.3,908.4,936.4,1.6,0.5,1526,1793.1,1703.6,1886.1,514,608.3,556.5,663.6,33292,1069.1,1057.5,1080.7,1.7,0.6
,,E08000036,Wakefield,420,2221.2,2007.1,2451.3,129,696.7,578.2,831.8,8219,1241.9,1214.1,1270.2,1.8,0.6,352,1373.6,1233.5,1525.3,98,381.3,309.3,464.9,8473,930.9,911.1,951.1,1.5,0.4,772,1742.8,1621.4,1870.7,227,513.5,448.6,585.1,16692,1068.6,1052.4,1085.0,1.6,0.5
,,E10000023,North Yorkshire,659,1530.1,1413.1,1654,200,458.1,395.6,527.4,15634,1058.9,1042.0,1076.0,1.4,0.4,722,1167.4,1082.6,1256.9,150,240.9,203.6,283.1,16446,765.9,754.1,777.9,1.5,0.3,1381,1321.7,1252.6,1393.6,350,331.4,297.5,368.1,32080,891.6,881.9,901.5,1.5,0.4
E12000004,East Midlands,E06000015,Derby,328,2544.2,2271.1,2840.6,134,1067.1,890.9,1267.5,5677,1234.0,1201.4,1267.2,2.1,0.9,254,1370.5,1204.4,1552.9,90,484.2,387.7,597,5774,862.7,840.2,885.6,1.6,0.6,582,1866.7,1717.2,2025.6,224,721.6,629.7,823.2,11451,1021.4,1002.6,1040.4,1.8,0.7
,,E06000016,Leicester,332,2473.9,2206.4,2764,105,771.3,626.5,938.7,6484,1363.8,1329.5,1398.6,1.8,0.6,326,1766.3,1576.8,1972.1,76,418.1,328.3,524.6,6236,935.4,912.0,959.3,1.9,0.4,658,2100.2,1941.1,2268.7,181,576.8,495.1,667.9,12720,1120.6,1100.9,1140.5,1.9,0.5
,,E06000017,Rutland,38,1225.5,860.2,1690.9,7,*,*,*,914,924.8,864.9,987.8,1.3,*,35,923.3,631.6,1298.8,3,*,*,*,964,679.1,636.0,724.3,1.4,*,73,1066,832.7,1343.7,10,156.9,73.5,291.4,1878,785.8,750.5,822.4,1.4,0.2
,,E06000018,Nottingham,271,2266.3,1997.6,2560.4,97,847.4,684.1,1037.3,5935,1347.7,1312.4,1383.7,1.7,0.6,236,1421.9,1243.7,1618.1,83,488.3,387.5,607,5832,962.6,937.6,988.1,1.5,0.5,507,1790.8,1637.1,1955,180,643.3,552.1,745.1,11767,1130.7,1110.1,1151.5,1.6,0.6
,,E10000007,Derbyshire,915,1867.1,1744.3,1996,276,566.4,499.5,639.5,20018,1177.3,1160.5,1194.2,1.6,0.5,818,1211.8,1129.8,1298.1,242,356.1,312.5,404.1,21018,876.2,864.3,888.2,1.4,0.4,1733,1493.2,1423.4,1565.4,518,444.6,407,484.7,41036,1007.2,997.4,1017.0,1.5,0.4
,,E10000018,Leicestershire,653,1613.4,1488,1746.1,170,428.2,364.1,500.1,14941,1053.9,1036.6,1071.5,1.5,0.4,666,1157.9,1070.9,1250,151,263.5,222.8,309.4,15489,768.3,756.1,780.6,1.5,0.3,1319,1341.2,1269.6,1415.7,321,326.6,291.8,364.4,30430,889.4,879.4,899.5,1.5,0.4
,,E10000019,Lincolnshire,731,1425,1321.2,1534.7,121,229.5,189.6,275.1,20382,1138.9,1123.0,1155.1,1.3,0.2,745,1106.5,1028,1189.4,88,132.5,106.1,163.3,20641,861.4,849.6,873.3,1.3,0.2,1476,1247.6,1184.4,1313.2,209,174.3,151.3,199.7,41023,986.7,977.1,996.3,1.3,0.2
,,E10000021,Northamptonshire,742,1883.6,1747,2027.8,235,608.7,531.4,693.8,15418,1123.7,1105.4,1142.1,1.7,0.5,709,1365.3,1266.2,1470,189,364.1,313.9,420.1,15861,857.6,844.2,871.1,1.6,0.4,1451,1600,1518.4,1684.7,424,468.3,424.6,515.2,31279,977.1,966.2,988.0,1.6,0.5
,,E10000024,Nottinghamshire,852,1720.3,1603.8,1842.8,250,510.9,447.9,580,19955,1155.4,1139.0,1172.0,1.5,0.4,829,1227.1,1144.6,1314,216,316.3,275.4,361.6,21040,886.0,874.0,898.2,1.4,0.4,1681,1447.2,1378.6,1518.4,466,399.8,364.2,438,40995,1005.6,995.9,1015.4,1.4,0.4
E12000005,West Midlands,E06000019,"Herefordshire, County of",165,1196.5,1018.2,1396.6,32,225.4,153.1,319.6,5075,1069.7,1039.8,1100.3,1.1,0.2,175,945.1,808.3,1098.2,28,155.1,102.5,224.9,5320,796.5,774.9,818.6,1.2,0.2,340,1068.2,956.7,1188.9,60,183.3,139.7,236,10395,919.2,901.6,937.2,1.2,0.2
,,E06000020,Telford and Wrekin,168,1912.7,1620.8,2240.1,39,439.3,307.5,606.7,3675,1227.3,1185.4,1270.2,1.6,0.4,157,1424.4,1209.6,1666.2,31,276.6,187.6,393,3688,935.5,905.5,966.2,1.5,0.3,325,1652,1474.6,1844.5,70,348,270.4,440.7,7363,1066.1,1041.6,1091.1,1.5,0.3
,,E06000021,Stoke-on-Trent,258,2027.6,1776.4,2303.1,69,555.7,426.4,710.4,6405,1423.7,1386.9,1461.2,1.4,0.4,271,1642.1,1451.5,1850.8,49,289.6,213.9,383.4,6345,1039.9,1014.4,1065.9,1.6,0.3,529,1821.2,1667.4,1985.2,118,402.6,332.6,482.9,12750,1209.9,1188.8,1231.3,1.5,0.3
,,E06000051,Shropshire,347,1507.4,1350.2,1677.6,83,361.7,286.8,450,8189,1062.1,1038.7,1085.9,1.4,0.3,301,974,865.3,1092.4,53,167.6,125.2,219.6,8909,807.6,790.6,824.8,1.2,0.2,648,1207.9,1116.1,1305.2,136,249.3,209,295,17098,918.9,905.2,932.9,1.3,0.3
,,E08000025,Birmingham,1326,2813.9,2662,2972.2,577,1229,1129.3,1335,21586,1253.6,1236.4,1270.9,2.2,1,1173,1828.1,1723.6,1937.3,421,666.4,603.5,734.1,21084,887.9,875.8,900.2,2.1,0.8,2499,2259.6,2171.2,2350.6,998,910.1,854.1,968.7,42670,1051.0,1040.9,1061.1,2.1,0.9
,,E08000026,Coventry,368,2376.6,2135.8,2636.7,128,837.9,697,998.6,6838,1210.7,1181.7,1240.3,2,0.7,310,1487.9,1325.7,1664.4,102,483.1,393.2,587.1,7004,899.2,878.0,920.8,1.7,0.5,678,1878,1738.6,2025.5,230,635.3,555.5,723.2,13842,1039.0,1021.7,1056.6,1.8,0.6
,,E08000027,Dudley,416,2267.9,2047.4,2505,150,807,679,951.5,7984,1186.5,1159.7,1213.7,1.9,0.7,348,1362.3,1221.6,1514.6,92,363.9,292.7,447,7960,857.7,838.8,876.9,1.6,0.4,764,1736.4,1614.6,1865,242,543.5,476.8,617,15944,1002.8,987.2,1018.6,1.7,0.5
,,E08000028,Sandwell,433,2963,2681.2,3265.7,162,1121.3,950.1,1313.7,7272,1338.9,1307.2,1371.2,2.2,0.8,343,1664.4,1491.7,1851.4,113,552.4,454.6,664.8,7425,965.5,943.5,988.0,1.7,0.6,776,2216.3,2062.1,2378.8,275,785,694.5,884,14697,1128.7,1110.4,1147.2,2,0.7
,,E08000029,Solihull,287,2112.4,1873.5,2373.1,123,899.4,746.5,1074.1,4906,1028.8,999.8,1058.4,2.1,0.9,307,1517,1348.8,1700,92,453.7,364,558.4,5207,740.0,719.6,760.8,2,0.6,594,1769.5,1629.3,1918.5,215,638.3,555.4,730.1,10113,862.2,845.4,879.3,2.1,0.7
,,E08000030,Walsall,408,2781.7,2510.9,3073.1,166,1091.4,928.3,1274.4,6888,1284.6,1253.6,1316.2,2.2,0.8,341,1653.1,1480.7,1839.9,124,593.8,492.8,709.1,6739,904.8,883.2,926.9,1.8,0.7,749,2142.9,1991,2303.2,290,811.7,720.3,911.4,13627,1072.7,1054.6,1090.9,2,0.8
,,E08000031,Wolverhampton,385,2790.5,2515.7,3087,148,1074.3,906.7,1263.8,6508,1317.7,1285.3,1350.7,2.1,0.8,323,1739.7,1553,1942.4,101,547.3,444.5,666.5,6608,968.1,944.6,992.1,1.8,0.6,708,2204.2,2043.9,2373.6,249,773.9,680.2,876.8,13116,1127.4,1108.1,1147.0,2,0.7
,,E10000028,Staffordshire,1086,1984,1864.2,2109.2,338,616.1,550.2,687.5,21102,1122.6,1107.0,1138.4,1.8,0.5,973,1314.5,1232.8,1400.2,259,347.8,306.6,393.1,21857,845.2,834.0,856.5,1.6,0.4,2059,1612.9,1543.7,1684.4,597,465,428.3,504,42959,968.7,959.5,977.9,1.7,0.5
,,E10000031,Warwickshire,664,1905,1760.2,2058.4,226,639.4,557.4,730.1,13283,1090.9,1072.1,1110.0,1.7,0.6,593,1199.6,1104,1301.2,173,350.3,299.5,407.2,13879,802.9,789.4,816.5,1.5,0.4,1257,1498.6,1416.7,1584,399,473.4,428,522.3,27162,929.4,918.4,940.5,1.6,0.5
,,E10000034,Worcestershire,714,1802.5,1670.3,1942.2,212,535.9,464.9,614.5,14730,1096.8,1078.8,1115.1,1.6,0.5,719,1323.4,1227,1425.2,194,361.8,312.1,417.1,15144,789.7,777.0,802.6,1.7,0.5,1433,1535.7,1457,1617.6,406,433,391.8,477.3,29874,923.8,913.4,934.4,1.7,0.5
E12000006,East of England,E06000031,Peterborough,168,1807.3,1537.7,2109.6,30,307,205.2,440.7,3883,1201.9,1163.1,1241.6,1.5,0.3,142,1175.9,988.3,1388.3,25,213.2,137.2,315.6,3926,888.1,860.2,916.6,1.3,0.2,310,1443.9,1286.4,1615.3,55,256.4,192.7,334.2,7809,1026.9,1004.0,1050.2,1.4,0.2
,,E06000032,Luton,239,2660.8,2326.2,3029,101,1126.4,913.9,1372.7,3809,1188.7,1149.9,1228.5,2.2,0.9,177,1569,1342.9,1821.8,56,509.5,383.2,663.7,3592,884.0,855.0,913.7,1.8,0.6,416,2060.9,1865.1,2271.5,157,789.9,670,924.9,7401,1026.4,1002.8,1050.4,2,0.8
,,E06000033,Southend-on-Sea,237,2177.4,1906.9,2475.3,81,746.4,591.7,928.9,4559,1197.2,1162.3,1232.8,1.8,0.6,193,1234,1062,1425.4,49,327.9,240.7,435.9,5142,892.9,867.9,918.4,1.4,0.4,430,1650.2,1496.9,1814.8,130,510.3,425.8,606.6,9701,1026.6,1006.1,1047.4,1.6,0.5
,,E06000034,Thurrock,208,2725.4,2348.5,3143.1,66,953.3,729.8,1221.8,3048,1226.0,1180.7,1272.5,2.2,0.8,162,1732,1473.8,2022.1,41,450.8,322.7,612.4,3123,916.6,884.5,949.6,1.9,0.5,370,2221.2,1996.4,2464.1,107,669.9,547.8,810.8,6171,1053.8,1027.3,1080.7,2.1,0.6
,,E06000055,Bedford,147,1543.8,1301.2,1818.1,52,544,404.2,716,3527,1075.7,1039.8,1112.5,1.4,0.5,183,1388.3,1191.5,1608,40,322.7,229.3,441,3668,803.5,777.3,830.3,1.7,0.4,330,1474.9,1319.5,1643.6,92,418.1,336.7,513.2,7195,925.4,904.1,947.2,1.6,0.5
,,E06000056,Central Bedfordshire,308,2029.9,1804.3,2275.5,106,683.4,556.8,829.8,5182,979.3,952.0,1007.2,2.1,0.7,248,1282.2,1127.2,1452.5,59,302.2,229.8,390,5115,768.6,747.6,790.0,1.7,0.4,556,1609.7,1477.8,1750.1,165,467.7,398.7,545.1,10297,866.6,849.9,883.7,1.9,0.5
,,E10000003,Cambridgeshire,579,1548.4,1423.3,1681.6,136,366.3,306.5,434.2,13117,1012.3,994.7,1030.1,1.5,0.4,512,1003.4,917.3,1095.3,110,213.8,175.2,258.2,13489,751.1,738.3,764.0,1.3,0.3,1091,1236.9,1164.4,1312.7,246,279,245.1,316.2,26606,865.5,855.1,876.0,1.4,0.3
,,E10000012,Essex,1733,1933.3,1841.8,2028,602,665.9,612.9,722.2,34373,1092.5,1080.7,1104.3,1.8,0.6,1678,1337.1,1273.3,1403.2,404,324.3,293.2,357.8,37047,830.1,821.6,838.7,1.6,0.4,3411,1597.2,1543.9,1651.9,1006,469,440.4,499,71420,945.2,938.2,952.2,1.7,0.5
,,E10000015,Hertfordshire,1271,2028.7,1917.4,2144.8,479,764.9,697.2,837.4,22953,1035.1,1021.5,1048.8,2,0.7,1304,1416.7,1339.5,1497.1,382,427.2,384.7,473.1,25088,776.7,767.0,786.6,1.8,0.5,2575,1686,1621.1,1752.8,861,569.9,532.2,609.6,48041,889.3,881.4,897.4,1.9,0.6
,,E10000020,Norfolk,922,1418.2,1326.7,1514.3,188,285.2,245.2,329.7,24426,1078.7,1065.0,1092.6,1.3,0.3,866,957.5,893.8,1024.6,117,125.6,103.6,150.9,24688,780.5,770.6,790.5,1.2,0.2,1788,1157.9,1104.4,1213.2,305,193.6,172.4,216.7,49114,913.2,905.1,921.4,1.3,0.2
,,E10000029,Suffolk,872,1625.4,1518.4,1738,224,413.6,360.8,472,18801,1020.7,1006.0,1035.5,1.6,0.4,814,1116,1039.3,1196.8,165,222.6,189.4,259.8,19671,764.8,753.9,775.7,1.5,0.3,1686,1335.7,1272.4,1401.4,389,304,274.4,336,38472,879.4,870.6,888.3,1.5,0.3
E12000007,London,E09000001,City of London,8,*,*,*,2,*,*,*,101,547.8,444.1,667.9,*,*,4,*,*,*,2,*,*,*,83,443.9,352.4,551.6,*,*,12,1085.6,552.5,1908.4,4,*,*,*,184,505.0,434.2,584.0,2.1,*
,,E09000002,Barking and Dagenham,172,2658.2,2258.9,3105.4,78,1231.7,965.7,1546.5,3089,1283.7,1236.9,1331.8,2.1,1,176,1832.5,1565.6,2131,68,705.9,545.1,898.5,3206,904.9,872.9,937.7,2,0.8,348,2186.2,1956.8,2434.6,146,943.1,793.3,1112.6,6295,1067.5,1040.6,1094.9,2,0.9
,,E09000003,Barnet,468,2560,2331.7,2804.4,254,1397.3,1229.8,1581.2,5734,902.6,879.1,926.6,2.8,1.5,370,1417.6,1274.3,1572.5,157,606.3,513.5,710.9,6311,680.5,663.4,697.9,2.1,0.9,838,1914.9,1786.3,2050.3,411,949.6,859.2,1046.8,12045,779.7,765.7,793.9,2.5,1.2
,,E09000004,Bexley,244,1977.9,1734,2246.1,104,838.4,683,1018.1,4949,1118.9,1087.3,1151.1,1.8,0.7,269,1395.7,1229.9,1577.2,76,394.3,309,495.6,5217,767.8,746.7,789.3,1.8,0.5,513,1641,1500.7,1790.7,180,580.7,498.2,672.8,10166,912.8,895.0,930.8,1.8,0.6
,,E09000005,Brent,412,3025.3,2731,3341.9,265,1956.6,1721,2214.6,4590,1000.9,970.7,1031.8,3,2,310,1831,1631,2048.5,169,1025.3,875.1,1193.8,4000,691.5,670.0,713.5,2.6,1.5,722,2383.7,2210.9,2566.4,434,1437.7,1304,1581.3,8590,831.1,813.3,849.3,2.9,1.7
,,E09000006,Bromley,332,1919.7,1716.5,2140.1,155,899.1,761.8,1053.9,6287,995.2,970.4,1020.4,1.9,0.9,369,1396.6,1255.6,1548.9,121,464.4,384,556.3,6911,718.1,700.9,735.5,1.9,0.6,701,1624.2,1505.4,1749.9,276,647.9,573.2,729.5,13198,837.3,823.0,851.8,1.9,0.8
,,E09000007,Camden,175,1679.6,1436.2,1951.9,83,799.4,633.8,994.3,2957,859.9,828.3,892.3,2,0.9,141,1032,866.9,1219.1,58,442.8,335.3,573.6,2703,589.1,566.8,612.0,1.8,0.8,316,1332.1,1188.1,1488.7,141,602.3,506.1,711.3,5660,710.7,692.1,729.7,1.9,0.8
,,E09000008,Croydon,452,2671.3,2426,2934.3,240,1405.5,1230.3,1598.4,6122,1039.2,1012.5,1066.4,2.6,1.4,371,1655.8,1490.4,1834.5,169,761,649.8,885.8,6412,796.3,776.8,816.3,2.1,1,823,2109.9,1967,2260.4,409,1045.7,945.9,1153,12534,906.7,890.7,922.9,2.3,1.2
,,E09000009,Ealing,396,2720.1,2453.7,3007,221,1553.2,1352.1,1775.3,4991,984.3,956.4,1012.9,2.8,1.6,304,1674.9,1490.2,1876,137,766.8,642.5,907.8,4714,736.1,715.0,757.6,2.3,1,700,2147.7,1989.9,2314.6,358,1113.1,999.8,1235.7,9705,851.8,834.7,869.2,2.5,1.3
,,E09000010,Enfield,413,2961.2,2676.9,3267,220,1542.5,1341.4,1764.7,5125,1050.4,1021.0,1080.5,2.8,1.5,363,1873.7,1684.3,2078.5,130,676.5,564.2,804.4,5172,737.6,717.4,758.2,2.5,0.9,776,2351.3,2187.5,2524,350,1052.9,944.6,1170.3,10297,875.2,858.2,892.4,2.7,1.2
,,E09000011,Greenwich,234,2377.1,2070.6,2714.8,106,1050.9,852.1,1280.7,3894,1125.5,1088.8,1163.1,2.1,0.9,248,1953.6,1715.3,2215.4,96,760,614,930,4065,867.8,840.9,895.3,2.3,0.9,482,2147.3,1956.7,2351.1,202,889.9,769.1,1023.9,7959,986.0,964.1,1008.4,2.2,0.9
,,E09000012,Hackney,226,3100.8,2693.7,3550.1,122,1624,1337.2,1952,2924,1089.8,1047.7,1133.0,2.8,1.5,162,1817.3,1542.4,2126.2,77,879.9,690.7,1104.2,2551,816.5,784.0,849.9,2.2,1.1,388,2403.1,2163,2661.9,199,1220.1,1051.7,1407.1,5475,945.3,919.2,971.9,2.5,1.3
,,E09000013,Hammersmith and Fulham,178,2813.1,2404.4,3270,92,1508.1,1209.1,1857.3,2432,1117.3,1071.4,1164.7,2.5,1.3,135,1609,1346.9,1907,64,782,600.9,1000.3,2161,743.4,712.0,775.8,2.2,1.1,313,2140.5,1906.5,2395.1,156,1092.4,925.8,1280.1,4593,909.2,882.5,936.5,2.4,1.2
,,E09000014,Haringey,271,3205.5,2815.8,3631.9,156,1805.4,1521.4,2125.2,3201,1030.1,992.0,1069.1,3.1,1.8,164,1479.5,1257.8,1728.6,76,707.9,555.8,888.3,2773,705.1,678.6,732.5,2.1,1,435,2212,2003.3,2436.2,232,1179.9,1029.7,1345.4,5974,848.6,826.4,871.3,2.6,1.4
,,E09000015,Harrow,335,2572,2301.8,2865,205,1575,1365.1,1807.7,3744,826.0,799.4,853.2,3.1,1.9,274,1672.3,1478,1884.7,144,909.2,765.3,1072.1,3739,636.4,615.9,657.3,2.6,1.4,609,2069.3,1907,2241.6,349,1204.3,1080.3,1338.4,7483,723.2,706.8,739.8,2.9,1.7
,,E09000016,Havering,353,2545.7,2284,2828.8,150,1077.5,910.4,1266.3,5555,1128.0,1098.0,1158.7,2.3,1,310,1444.7,1283.9,1619.6,89,420.7,335.8,520.1,6119,777.2,757.4,797.4,1.9,0.5,663,1902.9,1759.4,2054.9,239,689.3,603.9,783.4,11674,920.8,904.0,937.8,2.1,0.7
,,E09000017,Hillingdon,306,2221.5,1976.5,2488.3,147,1063.4,896.5,1251.9,4883,1027.0,997.7,1056.9,2.2,1,316,1818.2,1621.3,2032.1,136,790.3,661.8,936.2,4918,795.3,773.0,818.1,2.3,1,622,2025.9,1868.4,2193,283,926.3,820.7,1041.6,9801,905.3,887.3,923.6,2.2,1
,,E09000018,Hounslow,261,2491,2184,2827.5,128,1234.8,1021.3,1478.2,3868,1086.7,1050.4,1123.8,2.3,1.1,192,1462.4,1261.3,1686.2,73,542.2,423.7,683.4,3605,770.3,745.1,796.1,1.9,0.7,453,1931.7,1754.8,2121.3,201,849.6,734.2,977.6,7473,912.4,891.4,933.7,2.1,0.9
,,E09000019,Islington,161,2377.6,2016.1,2784,68,1034.5,799,1316.5,2809,1106.0,1063.2,1149.9,2.1,0.9,158,1847.4,1567.1,2162.8,67,786.9,607.6,1002.1,2580,826.6,794.5,859.7,2.2,1,319,2087.5,1861.1,2333.5,135,895.4,748.7,1062.1,5389,956.3,930.1,982.9,2.2,0.9
,,E09000020,Kensington and Chelsea,110,1343.5,1102.6,1620.9,67,827.1,639.9,1051.6,2101,767.9,735.0,802.0,1.7,1.1,101,1058.9,861.9,1287.3,44,467.7,339.5,628.2,1978,589.1,563.2,615.9,1.8,0.8,211,1199.9,1043,1373.8,111,637.2,523.9,767.7,4079,674.0,653.4,695.2,1.8,0.9
,,E09000021,Kingston upon Thames,162,2136,1816.6,2494.9,62,815.1,623.1,1047.2,2581,962.6,925.1,1001.1,2.2,0.8,158,1386.1,1174,1624.8,44,393.8,284.1,531.2,2797,703.1,676.6,730.3,2,0.6,320,1718.1,1533.3,1918.8,106,578.1,472.5,700.2,5378,817.4,795.4,839.7,2.1,0.7
,,E09000022,Lambeth,296,3167.4,2799.5,3568.3,146,1510.4,1263.3,1789.8,3870,1144.9,1106.7,1183.9,2.8,1.3,200,1629.3,1406.9,1876.3,92,749.8,601,923.6,3339,793.4,766.1,821.5,2.1,0.9,496,2306.9,2102.3,2525.7,238,1088.9,950.4,1241.3,7209,953.8,931.1,977.0,2.4,1.1
,,E09000023,Lewisham,259,2748.2,2407.2,3122.2,153,1634.1,1373.2,1928.3,3944,1160.5,1122.2,1199.7,2.4,1.4,229,1765.2,1540.2,2013.4,102,809.8,657.6,986.1,3791,808.7,782.6,835.5,2.2,1,488,2192,1997.2,2400.4,255,1146.9,1007.2,1300.3,7735,960.2,938.3,982.5,2.3,1.2
,,E09000024,Merton,212,2584,2238.9,2966.2,104,1268.1,1029.9,1543.7,3001,1038.9,1000.8,1078.0,2.5,1.2,210,1838.2,1595.8,2106.9,68,595.3,460.6,756.7,3150,763.3,736.5,790.8,2.4,0.8,422,2184.7,1979,2405.8,172,887.3,758.1,1032.1,6151,882.0,859.9,904.6,2.5,1
,,E09000025,Newham,335,3557.9,3164.7,3984.3,183,1944.8,1658.6,2264.1,3493,1086.5,1047.5,1126.5,3.3,1.8,200,1843.2,1590.6,2123.8,97,898.9,724.3,1102.1,3128,837.5,807.4,868.4,2.2,1.1,535,2618.4,2392.4,2859.5,280,1372.4,1210.3,1549.5,6621,954.9,930.8,979.5,2.7,1.4
,,E09000026,Redbridge,348,2794.1,2504,3108.1,173,1363.5,1165.1,1585.7,4348,995.2,965.1,1026.0,2.8,1.4,260,1568.7,1380.8,1774.7,101,623,505.8,758.9,4431,733.5,711.7,755.8,2.1,0.8,608,2099.2,1934.1,2274.5,274,946.1,836.4,1066,8779,849.0,831.1,867.2,2.5,1.1
,,E09000027,Richmond upon Thames,167,1798.8,1532.1,2098,70,761.9,591.8,965.3,2901,895.6,862.7,929.4,2,0.9,157,1108,938.3,1299.1,60,433.9,329,561,3132,630.3,607.9,653.3,1.8,0.7,324,1417.1,1266.2,1581,130,574,479.1,682.1,6033,743.7,724.9,762.9,1.9,0.8
,,E09000028,Southwark,236,2589.4,2251.2,2961.8,127,1439.2,1188.8,1724.9,3659,1132.4,1093.4,1172.4,2.3,1.3,189,1632.4,1403.9,1886.9,89,788.8,631.4,973.2,3161,761.2,734.3,788.9,2.1,1,425,2072.2,1874,2285.2,216,1080.5,937.9,1238.1,6820,926.4,903.6,949.5,2.2,1.2
,,E09000029,Sutton,191,1939.3,1669.7,2239.5,76,756.4,593.4,949.7,3535,1038.6,1003.8,1074.3,1.9,0.7,206,1454.1,1260.1,1669.2,75,544.7,427,684.5,3989,798.3,773.3,823.8,1.8,0.7,397,1682.2,1519.9,1857,151,645.9,546.4,758.2,7524,902.7,882.2,923.4,1.9,0.7
,,E09000030,Tower Hamlets,185,2688.6,2292.9,3129.9,98,1427,1145.2,1754.4,2940,1172.1,1126.1,1219.4,2.3,1.2,161,1968.5,1670.4,2303.6,74,925.9,724.1,1165.8,2472,857.3,822.8,892.9,2.3,1.1,346,2299,2055,2563.2,172,1163.8,991.9,1356.3,5412,1003.9,975.9,1032.5,2.3,1.2
,,E09000031,Waltham Forest,244,2531.5,2215.9,2878.6,124,1269.3,1051.5,1518.2,3669,1061.1,1025.3,1097.8,2.4,1.2,210,1568.4,1359.9,1799.5,84,635.6,504.9,789.2,3543,759.0,733.7,784.9,2.1,0.8,454,2010.7,1827.5,2207.1,208,921.6,799.3,1057.2,7212,890.4,869.6,911.7,2.3,1
,,E09000032,Wandsworth,247,2505.1,2192.4,2848.7,114,1141.6,934.6,1379.5,3678,1087.3,1050.8,1124.8,2.3,1,205,1541.7,1335.9,1770,70,528.4,410.4,669.4,3821,793.0,767.8,818.9,1.9,0.7,452,1970.3,1789.8,2163.9,184,792.1,679.5,917.6,7499,919.9,898.8,941.4,2.1,0.9
,,E09000033,Westminster,203,1864.4,1613.3,2143.1,98,916.6,741.9,1119.6,2922,800.6,771.1,830.9,2.3,1.1,157,1210.3,1027.3,1416.2,69,531.7,413.2,673.5,2672,618.4,595.0,642.5,2,0.9,360,1520.2,1365.8,1687.1,167,711.9,607.2,829.5,5594,706.8,688.1,725.8,2.2,1
E12000008,South East,E06000035,Medway,203,1589.9,1369.6,1834.4,67,535.2,409.7,685.7,5543,1220.0,1186.3,1254.3,1.3,0.4,225,1325.5,1157.5,1510.9,70,416.2,324.1,526.2,5667,915.5,891.7,939.7,1.4,0.5,428,1459.2,1322.9,1605.6,137,465.9,390.6,551.4,11210,1049.5,1030.0,1069.3,1.4,0.4
,,E06000036,Bracknell Forest,87,1612.1,1283,1998.1,29,541.2,360.3,780,1794,945.8,901.0,992.2,1.7,0.6,85,1172.8,935.2,1451.9,25,340.8,219.8,504,1793,710.3,677.5,744.2,1.7,0.5,172,1357.8,1160.8,1578.3,54,434.2,325.4,567.4,3587,815.3,788.6,842.7,1.7,0.5
,,E06000037,West Berkshire,142,1576.7,1323,1864.1,54,593.8,443.9,777.4,2966,960.8,925.7,996.9,1.6,0.6,132,1100.2,920.1,1305.1,57,475,359.5,615.6,2987,730.0,704.0,756.8,1.5,0.7,274,1325.3,1172.5,1492.3,111,539.3,443.4,649.7,5953,836.1,814.9,857.7,1.6,0.6
,,E06000038,Reading,150,2276.7,1922.9,2676.2,68,1047.8,811.9,1330.5,2737,1140.1,1096.6,1184.8,2,0.9,158,1806.8,1533.6,2114.2,61,706,538.4,908.9,2682,840.1,808.1,873.1,2.2,0.8,308,2030.4,1808.4,2271.9,129,854.1,712.2,1015.8,5419,980.4,954.2,1007.2,2.1,0.9
,,E06000039,Slough,133,2717.5,2257.9,3240.3,54,1088.4,804.5,1436.3,2106,1183.8,1130.7,1238.6,2.3,0.9,104,1636.9,1332.1,1989.5,38,617.9,434.7,851.4,1970,854.4,816.2,893.8,1.9,0.7,237,2121.3,1855.1,2414.3,92,821.8,659.6,1011.3,4076,1001.0,969.6,1033.1,2.1,0.8
,,E06000040,Windsor and Maidenhead,160,1751.2,1489.5,2045.5,59,656.3,499.2,847.2,2961,955.8,921.4,991.1,1.8,0.7,177,1340.9,1147.2,1557.5,52,374.1,278.1,492.2,3229,721.5,696.4,747.4,1.9,0.5,337,1527.4,1367.5,1700.7,111,507.7,416.9,612.2,6190,826.5,805.9,847.5,1.8,0.6
,,E06000041,Wokingham,141,1535.3,1289,1814.5,62,690.6,526.8,888.5,2905,955.7,920.1,992.2,1.6,0.7,142,1101.3,926.2,1299.8,50,382.6,283.3,505.2,2904,677.1,652.5,702.3,1.6,0.6,283,1288.2,1142.1,1447.9,112,505.9,416.4,609.1,5809,796.2,775.7,817.0,1.6,0.6
,,E06000042,Milton Keynes,227,2175.3,1890.7,2489.4,84,819.7,647.6,1022.2,4392,1180.3,1143.7,1217.6,1.8,0.7,246,1638.3,1439.2,1857.1,83,558.8,444.7,693.2,4416,852.3,827.1,878.0,1.9,0.7,473,1871.3,1704.9,2049.4,167,667,568.9,777,8808,994.0,973.0,1015.3,1.9,0.7
,,E06000043,Brighton and Hove,205,1659.1,1437.7,1904.8,62,521.3,399.1,669,5241,1137.9,1106.7,1169.8,1.5,0.5,218,1239.2,1076.8,1418.9,46,257.9,187.4,345.7,5429,834.7,812.0,857.8,1.5,0.3,423,1424.9,1291.1,1568.7,108,368.8,302,445.9,10670,974.9,956.2,993.8,1.5,0.4
,,E06000044,Portsmouth,192,2053.2,1769.3,2369.1,61,665.1,506.9,856.6,4314,1265.7,1227.5,1304.7,1.6,0.5,149,1153,973.5,1355.7,31,235.5,159.4,335.2,4410,912.8,885.5,940.6,1.3,0.3,341,1549.6,1388.7,1723.9,92,417.4,336.2,512.3,8724,1072.7,1050.1,1095.6,1.4,0.4
,,E06000045,Southampton,220,2159.5,1879.1,2469.4,60,597.2,454,770.8,4685,1246.8,1210.4,1283.9,1.7,0.5,178,1231,1054.5,1428.2,56,381.9,287,497.7,4637,869.4,844.1,895.3,1.4,0.4,398,1615.5,1460,1783,116,469,387.1,563,9322,1034.2,1013.2,1055.6,1.6,0.5
,,E06000046,Isle of Wight,138,1198.8,1004.3,1419.5,24,215.4,137.2,321.4,4306,1093.0,1060.2,1126.5,1.1,0.2,134,865.4,722.2,1028.2,23,140.3,88.5,211.1,4560,796.3,772.7,820.4,1.1,0.2,272,1018.3,899.5,1148.2,47,171.6,125.9,228.4,8866,932.6,913.1,952.5,1.1,0.2
,,E10000002,Buckinghamshire,462,1491,1356.3,1635.4,151,487.7,412,573.1,10199,963.1,944.1,982.3,1.5,0.5,488,1088.5,992.7,1191,146,327.2,275.5,385.6,10900,704.1,690.8,717.6,1.5,0.5,950,1263.7,1184.3,1347,297,395.8,351.9,443.7,21099,815.1,804.1,826.2,1.6,0.5
,,E10000011,East Sussex,587,1362,1253.3,1477.5,131,304.8,254.5,362,15383,1035.0,1018.6,1051.7,1.3,0.3,577,908.5,833,988.7,104,154.5,125.6,187.8,17145,762.3,750.5,774.3,1.2,0.2,1164,1107.6,1043.9,1174.2,235,218.2,190.9,248.3,32528,882.3,872.6,892.1,1.3,0.2
,,E10000014,Hampshire,1390,1537,1456.6,1620.7,452,498.8,453.5,547.3,30599,985.3,974.2,996.6,1.6,0.5,1387,1096,1038.2,1156.1,322,255.3,227.7,285.2,32794,743.5,735.4,751.7,1.5,0.3,2777,1289.3,1241.6,1338.4,774,358.3,333.4,384.5,63393,850.9,844.3,857.6,1.5,0.4
,,E10000016,Kent,1636,1734.7,1650.6,1821.9,471,498.7,454.2,546.4,35988,1104.9,1093.3,1116.6,1.6,0.5,1526,1168.7,1110.2,1229.4,333,256.1,229,285.4,38022,819.7,811.3,828.0,1.4,0.3,3162,1420,1370.8,1470.5,804,361.1,336.5,387.1,74010,946.2,939.4,953.1,1.5,0.4
,,E10000025,Oxfordshire,629,1599.3,1475.7,1730.3,232,591,516.8,672.8,13123,972.2,955.4,989.2,1.6,0.6,667,1220.2,1128.3,1317.4,194,352,303.8,405.7,14093,743.7,731.3,756.2,1.6,0.5,1296,1388.9,1314.1,1466.9,426,454.7,412.4,500.1,27216,848.4,838.3,858.5,1.6,0.5
,,E10000030,Surrey,1329,1848.5,1750,1951.1,459,636.3,579.1,697.5,24079,961.4,949.2,973.7,1.9,0.7,1348,1287.8,1218.6,1359.9,373,352.6,317.1,391.1,26478,726.6,717.6,735.6,1.8,0.5,2677,1540.8,1482.5,1600.7,832,478.5,446.3,512.5,50557,830.9,823.6,838.2,1.9,0.6
,,E10000032,West Sussex,928,1570.6,1470.5,1675.6,229,381.7,333.5,434.8,21502,1037.0,1023.1,1051.1,1.5,0.4,989,1139.8,1068.3,1214.8,200,229.7,198.3,264.6,24048,769.8,759.8,779.9,1.5,0.3,1917,1324.4,1265.3,1385.5,429,294.6,267.2,324.1,45550,887.5,879.3,895.8,1.5,0.3
E12000009,South West,E06000022,Bath and North East Somerset,180,1613,1384.2,1868.6,42,378.1,271.7,512.1,3998,1026.5,994.6,1059.2,1.6,0.4,154,984.3,832.4,1155.5,35,215.2,148.8,300.8,4254,739.6,717.1,762.7,1.3,0.3,334,1260.7,1128.4,1404.3,77,287.4,226.4,359.5,8252,865.8,847.1,884.8,1.5,0.3
,,E06000023,"Bristol, City of",342,1832.8,1641,2040.6,102,563.1,458.3,684.6,8303,1203.7,1177.4,1230.4,1.5,0.5,351,1297.9,1162.7,1444.2,96,353.1,284.7,432.6,8480,853.4,834.9,872.2,1.5,0.4,693,1538.4,1425.2,1658.1,198,442.1,382.3,508.5,16783,1007.2,991.8,1022.7,1.5,0.4
,,E06000024,North Somerset,192,1265.7,1091.2,1460.1,44,295,213.5,397,5621,1075.4,1047.1,1104.2,1.2,0.3,209,977.7,847.1,1122.3,25,116.9,74.6,173.8,6156,793.3,773.1,813.8,1.2,0.1,401,1108.3,1001.8,1223,69,190.7,148.1,241.7,11777,918.1,901.5,935.0,1.2,0.2
,,E06000025,South Gloucestershire,243,1555.2,1361.6,1768.2,73,469.8,366,593.4,5531,993.3,966.6,1020.5,1.6,0.5,238,1059.6,928.3,1204.1,54,238.7,178.8,311.9,5648,737.4,718.2,757.0,1.4,0.3,481,1253.8,1143.9,1371.5,127,330,274.9,392.9,11179,851.6,835.9,867.6,1.5,0.4
,,E06000026,Plymouth,236,1586,1388.2,1803.8,26,179.5,116.6,264,5984,1160.8,1131.1,1191.1,1.4,0.2,233,1222.6,1069.5,1391.3,31,158.7,107.5,225.6,6368,904.6,882.3,927.2,1.4,0.2,469,1396.8,1272.8,1529.6,57,168.3,127.4,218.2,12352,1024.4,1006.4,1042.7,1.4,0.2
,,E06000027,Torbay,153,1458.6,1232.8,1713.3,29,270.5,180.4,389.5,4312,1178.7,1143.5,1214.8,1.2,0.2,160,1098.4,929.5,1288.5,18,117,68.7,185.8,4708,865.9,840.6,891.8,1.3,0.1,313,1258.5,1120.7,1408.4,47,183.6,134.6,244.5,9020,1005.1,984.2,1026.3,1.3,0.2
,,E06000030,Swindon,207,1921.8,1662.6,2209.3,65,613.6,470.2,786.2,4246,1108.0,1073.9,1142.8,1.7,0.6,202,1412.7,1223.6,1622.6,58,405.8,307.6,525.2,4349,855.6,830.2,881.6,1.7,0.5,409,1642.2,1485.9,1810.3,123,501.3,416.2,598.6,8595,969.1,948.5,989.9,1.7,0.5
,,E06000052,Cornwall,566,1424.7,1307.3,1549.7,110,280.1,229.2,338.7,15350,1122.4,1104.3,1140.7,1.3,0.2,469,855.2,778.9,937,54,98.7,74,129,15893,819.8,806.9,832.8,1,0.1,1035,1104,1037.4,1173.7,164,175.9,149.9,205,31243,952.9,942.3,963.6,1.2,0.2
,,E06000053,Isles of Scilly,1,*,*,*,0,*,*,*,57,824.9,622.3,1071.7,*,*,1,*,*,*,0,*,*,*,41,476.2,338.7,649.7,*,*,2,*,*,*,0,*,*,*,98,645.1,522.1,788.1,*,*
,,E06000054,Wiltshire,506,1621.3,1480.6,1771.5,130,403.9,336.5,480.6,11234,1034.5,1015.1,1054.1,1.6,0.4,487,1088,992.4,1190.4,115,247,203.6,296.9,11913,765.7,751.8,779.8,1.4,0.3,993,1309.8,1229.3,1394.2,245,319.2,280.4,361.9,23147,883.7,872.3,895.2,1.5,0.4
,,E06000058,"Bournemouth, Christchurch and Poole",410,1522.4,1377.9,1678,79,284.8,225.2,355.3,10328,1075.7,1055.0,1096.8,1.4,0.3,382,971.7,873.7,1077.5,74,187.9,146.2,237.4,11435,808.5,793.2,824.1,1.2,0.2,792,1224.9,1139.9,1314.5,153,233.5,197.6,274.1,21763,927.4,914.9,940.0,1.3,0.3
,,E06000059,Dorset,456,1403.3,1275.7,1540,78,236.8,186.8,296.1,10873,974.3,955.8,993.1,1.4,0.2,403,926.6,835.7,1024.5,61,131,99.8,168.6,11620,733.2,719.5,747.0,1.3,0.2,859,1127.7,1052.4,1207,139,176,147.8,207.9,22493,842.8,831.7,854.1,1.3,0.2
,,E10000008,Devon,737,1268.2,1177.2,1364.5,95,160.7,129.7,196.9,21316,1051.2,1037.0,1065.6,1.2,0.2,723,860.9,797.8,927.5,79,92.1,72.6,115.1,22783,756.2,746.2,766.4,1.1,0.1,1460,1036.5,983.6,1091.5,174,121.3,103.9,140.8,44099,884.1,875.8,892.5,1.2,0.1
,,E10000013,Gloucestershire,709,1820.5,1686,1962.8,260,675,593.6,764.2,14890,1087.0,1069.3,1105.0,1.7,0.6,675,1190.7,1101.7,1284.8,226,396.8,346.3,452.4,15978,801.7,789.2,814.4,1.5,0.5,1384,1463,1386.7,1542.4,486,512.4,467.7,560.2,30868,925.9,915.5,936.3,1.6,0.6
,,E10000027,Somerset,545,1352.3,1239.8,1472.1,79,198.5,156.6,248.1,14698,1052.5,1035.3,1069.9,1.3,0.2,553,976.1,894.5,1063,49,83.1,61.2,110.3,15318,756.4,744.2,768.8,1.3,0.1,1098,1140.5,1073.5,1210.7,128,131.6,109.7,156.7,30016,886.4,876.3,896.5,1.3,0.1
